--
-- PostgreSQL database dump
--

SET statement_timeout = 0;
SET client_encoding = 'UTF8';
SET standard_conforming_strings = on;
SET check_function_bodies = false;
SET client_min_messages = warning;

--
-- Name: plpgsql; Type: EXTENSION; Schema: -; Owner: 
--

CREATE EXTENSION IF NOT EXISTS plpgsql WITH SCHEMA pg_catalog;


--
-- Name: EXTENSION plpgsql; Type: COMMENT; Schema: -; Owner: 
--

COMMENT ON EXTENSION plpgsql IS 'PL/pgSQL procedural language';


SET search_path = public, pg_catalog;

SET default_tablespace = '';

SET default_with_oids = false;

--
-- Name: auth__player; Type: TABLE; Schema: public; Owner: dlu; Tablespace: 
--

CREATE TABLE auth__player (
    id numeric NOT NULL,
    active integer,
    address character varying(255),
    banned integer,
    birthdate timestamp without time zone,
    city character varying(255),
    country character varying(255),
    documentid character varying(255),
    documenttype character varying(255),
    email character varying(255),
    firstname character varying(255),
    housenr character varying(255),
    lastname character varying(255),
    nationality character varying(255),
    password character varying(255),
    username character varying(255),
    zipcode character varying(255)
);


ALTER TABLE public.auth__player OWNER TO dlu;

--
-- Name: dreamworld__price; Type: TABLE; Schema: public; Owner: dlu; Tablespace: 
--

CREATE TABLE dreamworld__price (
    id numeric NOT NULL,
    price numeric,
    athlete_id numeric NOT NULL,
    virtual_league_id numeric NOT NULL
);


ALTER TABLE public.dreamworld__price OWNER TO dlu;

--
-- Name: dreamworld__prize; Type: TABLE; Schema: public; Owner: dlu; Tablespace: 
--

CREATE TABLE dreamworld__prize (
    id numeric NOT NULL,
    cancelled bit(1),
    "position" integer NOT NULL,
    value double precision,
    player_id numeric NOT NULL,
    virtual_league_id numeric NOT NULL
);


ALTER TABLE public.dreamworld__prize OWNER TO dlu;

--
-- Name: dreamworld__virtualleague; Type: TABLE; Schema: public; Owner: dlu; Tablespace: 
--

CREATE TABLE dreamworld__virtualleague (
    id numeric NOT NULL,
    budget integer NOT NULL,
    buyin double precision NOT NULL,
    duration integer NOT NULL,
    finished integer NOT NULL,
    numofplayers numeric,
    season numeric,
    startinground integer NOT NULL,
    base_league_id numeric NOT NULL,
    owner_id numeric NOT NULL
);


ALTER TABLE public.dreamworld__virtualleague OWNER TO dlu;

--
-- Name: dreamworld__virtualleague__athlete; Type: TABLE; Schema: public; Owner: dlu; Tablespace: 
--

CREATE TABLE dreamworld__virtualleague__athlete (
    id numeric NOT NULL,
    points numeric,
    price double precision NOT NULL,
    athlete_id numeric NOT NULL,
    virtual_league_id numeric NOT NULL
);


ALTER TABLE public.dreamworld__virtualleague__athlete OWNER TO dlu;

--
-- Name: dreamworld__virtualteam; Type: TABLE; Schema: public; Owner: dlu; Tablespace: 
--

CREATE TABLE dreamworld__virtualteam (
    id numeric NOT NULL,
    formation character varying(255),
    player_id numeric NOT NULL,
    virtual_league_id numeric NOT NULL
);


ALTER TABLE public.dreamworld__virtualteam OWNER TO dlu;

--
-- Name: dreamworld__virtualteam__athlete; Type: TABLE; Schema: public; Owner: dlu; Tablespace: 
--

CREATE TABLE dreamworld__virtualteam__athlete (
    id numeric NOT NULL,
    virtual_athlete_id numeric NOT NULL,
    virtual_team_id numeric NOT NULL
);


ALTER TABLE public.dreamworld__virtualteam__athlete OWNER TO dlu;

--
-- Name: finance__operation; Type: TABLE; Schema: public; Owner: dlu; Tablespace: 
--

CREATE TABLE finance__operation (
    id numeric NOT NULL,
    comments character varying(255),
    date timestamp without time zone,
    exchangerate double precision,
    orginalcurrency character varying(255),
    orginalvalue double precision,
    "position" numeric,
    relatedclass character varying(255),
    relatedid numeric,
    status integer NOT NULL,
    value double precision,
    player_id numeric NOT NULL
);


ALTER TABLE public.finance__operation OWNER TO dlu;

--
-- Name: hibernate_unique_key; Type: TABLE; Schema: public; Owner: dlu; Tablespace: 
--

CREATE TABLE hibernate_unique_key (
    next_hi integer
);


ALTER TABLE public.hibernate_unique_key OWNER TO dlu;

--
-- Name: realworld__athlete; Type: TABLE; Schema: public; Owner: dlu; Tablespace: 
--

CREATE TABLE realworld__athlete (
    id numeric NOT NULL,
    first_name character varying(255),
    last_name character varying(255),
    "position" character varying(1),
    shirtnr numeric,
    team_id numeric NOT NULL
);


ALTER TABLE public.realworld__athlete OWNER TO dlu;

--
-- Name: realworld__league; Type: TABLE; Schema: public; Owner: dlu; Tablespace: 
--

CREATE TABLE realworld__league (
    id numeric NOT NULL,
    country character varying(255),
    division integer NOT NULL,
    name character varying(255)
);


ALTER TABLE public.realworld__league OWNER TO dlu;

--
-- Name: realworld__match; Type: TABLE; Schema: public; Owner: dlu; Tablespace: 
--

CREATE TABLE realworld__match (
    id numeric NOT NULL,
    awayscore numeric,
    date timestamp without time zone,
    homescore numeric,
    matchtime numeric,
    round numeric,
    season numeric,
    away_team_id numeric NOT NULL,
    home_team_id numeric NOT NULL,
    league_id numeric NOT NULL
);


ALTER TABLE public.realworld__match OWNER TO dlu;

--
-- Name: realworld__performance; Type: TABLE; Schema: public; Owner: dlu; Tablespace: 
--

CREATE TABLE realworld__performance (
    id numeric NOT NULL,
    assists numeric,
    causedpenalties numeric,
    cleansheet numeric,
    goals numeric,
    goalsconceded numeric,
    lostgoals numeric,
    lostpenalties numeric,
    minutesplayed numeric,
    missedpenalties numeric,
    owngoals numeric,
    penaltiesdefended numeric,
    penaltiesreceived numeric,
    points numeric,
    "position" character varying(255),
    redcard numeric,
    secondlinup numeric,
    shotsdefended numeric,
    startinglinup numeric,
    withoutlostgoals numeric,
    yellowcard numeric,
    athlete_id numeric NOT NULL,
    match_id numeric NOT NULL
);


ALTER TABLE public.realworld__performance OWNER TO dlu;

--
-- Name: realworld__round; Type: TABLE; Schema: public; Owner: dlu; Tablespace: 
--

CREATE TABLE realworld__round (
    id numeric NOT NULL,
    number numeric,
    season numeric,
    status character varying(255),
    league_id numeric NOT NULL
);


ALTER TABLE public.realworld__round OWNER TO dlu;

--
-- Name: realworld__team; Type: TABLE; Schema: public; Owner: dlu; Tablespace: 
--

CREATE TABLE realworld__team (
    id numeric NOT NULL,
    name character varying(255),
    league_id numeric NOT NULL
);


ALTER TABLE public.realworld__team OWNER TO dlu;

--
-- Data for Name: auth__player; Type: TABLE DATA; Schema: public; Owner: dlu
--

COPY auth__player (id, active, address, banned, birthdate, city, country, documentid, documenttype, email, firstname, housenr, lastname, nationality, password, username, zipcode) FROM stdin;
1	\N	\N	\N	1986-02-12 00:00:00	\N	\N	\N	\N	lukasz.kidzinski@gmail.com	Lukasz	\N	Kidzinski	\N	alfa44	\N	\N
884736	\N	\N	\N	1918-01-01 00:00:00	\N	\N	\N	\N	wojciech.janerka@gmail.com	Wojciech	\N	Janerka	\N	alfa44	\N	\N
884737	\N	\N	\N	1903-01-01 00:00:00	\N	\N	\N	\N	marek.dziubak@gmail.com	Marek	\N	Dziubak	\N	alfa44	\N	\N
\.


--
-- Data for Name: dreamworld__price; Type: TABLE DATA; Schema: public; Owner: dlu
--

COPY dreamworld__price (id, price, athlete_id, virtual_league_id) FROM stdin;
\.


--
-- Data for Name: dreamworld__prize; Type: TABLE DATA; Schema: public; Owner: dlu
--

COPY dreamworld__prize (id, cancelled, "position", value, player_id, virtual_league_id) FROM stdin;
\.


--
-- Data for Name: dreamworld__virtualleague; Type: TABLE DATA; Schema: public; Owner: dlu
--

COPY dreamworld__virtualleague (id, budget, buyin, duration, finished, numofplayers, season, startinground, base_league_id, owner_id) FROM stdin;
294912	20000000	5	1	1	\N	2013	1	32768	1
491520	20000000	1	1	1	\N	2013	1	32768	1
720896	20000000	4	3	0	\N	2013	3	32768	1
720897	20000000	3	1	0	4	2013	3	32768	884736
720898	20000000	20	5	0	\N	2013	3	32768	884737
\.


--
-- Data for Name: dreamworld__virtualleague__athlete; Type: TABLE DATA; Schema: public; Owner: dlu
--

COPY dreamworld__virtualleague__athlete (id, points, price, athlete_id, virtual_league_id) FROM stdin;
327680	\N	1583294.80213465961	10102	294912
327681	\N	1697164.48986498173	10103	294912
327682	\N	1478861.06400049827	10105	294912
327683	\N	1840929.44430848747	10106	294912
327684	\N	1870036.49380118586	10107	294912
327685	\N	1474194.90200850158	10108	294912
327686	\N	1634270.00989113003	10109	294912
327687	\N	1897384.36762710474	10112	294912
327688	\N	1179770.81827738904	10113	294912
327689	\N	1444514.66218169034	10114	294912
327690	\N	1165412.45664689061	10115	294912
327691	\N	1228654.24901618203	10117	294912
327692	\N	1270134.82309011323	10118	294912
327693	\N	1518398.70611863118	10119	294912
327694	\N	1092154.46493223123	10120	294912
327695	\N	1271796.97965155076	10121	294912
327696	\N	1622539.34724034881	10122	294912
327697	\N	1070732.83107254328	10124	294912
327698	\N	1401572.86566851917	10125	294912
327699	\N	1906855.15095562534	10127	294912
327700	\N	1020640.86664030456	10128	294912
327701	\N	1505886.31666768063	10132	294912
327702	\N	1871073.67451886227	10133	294912
327703	\N	1004782.39289531962	10134	294912
327704	\N	1211528.29993439163	10135	294912
327705	\N	1258151.52846742421	10137	294912
327706	\N	1677304.6895003994	10177	294912
327707	\N	1117067.55664305738	10184	294912
327708	\N	1191769.63321573474	10191	294912
327709	\N	1043576.70844606136	10193	294912
327710	\N	1968261.06617885455	10201	294912
327711	\N	1074543.43703072937	10202	294912
327712	\N	1470033.62022964843	10204	294912
327713	\N	1683901.52832549205	10205	294912
327714	\N	1088677.80430513225	10206	294912
327715	\N	1595874.25659213867	10208	294912
327716	\N	1123821.46069234167	10210	294912
327717	\N	1234436.94954308844	10211	294912
327718	\N	1817748.39843828394	10213	294912
327719	\N	1745474.22979024705	10214	294912
327720	\N	1589914.69713741448	10215	294912
327721	\N	1465114.76080742478	10216	294912
327722	\N	1803404.61167959846	10217	294912
327723	\N	1226117.16508125444	10218	294912
327724	\N	1906465.23257201677	10219	294912
327725	\N	1967564.09568199702	10220	294912
327726	\N	1358836.6528806542	10221	294912
327727	\N	1043254.97393512155	10222	294912
327728	\N	1559223.4582426264	10223	294912
327729	\N	1290955.6062734439	10225	294912
327730	\N	1924629.72867654962	10227	294912
327731	\N	1036070.55866628373	10228	294912
327732	\N	1175221.60392483091	10231	294912
327733	\N	1545486.47521022381	10232	294912
327734	\N	1793837.01054519182	10233	294912
327735	\N	1134548.81350449682	10235	294912
327736	\N	1054299.03426373913	10238	294912
327737	\N	1854762.33837766619	10302	294912
327738	\N	1147505.07846098277	10303	294912
327739	\N	1972356.78642857028	10305	294912
327740	\N	1932176.78739444772	10306	294912
327741	\N	1886965.33121543657	10309	294912
327742	\N	1054613.11988162505	10310	294912
327743	\N	1662082.00731945038	10311	294912
327744	\N	1428358.97937127901	10315	294912
327745	\N	1449579.44617333286	10316	294912
327746	\N	1853082.06751847314	10317	294912
327747	\N	1122386.17373119039	10319	294912
327748	\N	1347958.92884192639	10323	294912
327749	\N	1793578.31250372576	10324	294912
327750	\N	1247455.86720410455	10325	294912
327751	\N	1335888.56223240867	10326	294912
327752	\N	1378618.28894138057	10328	294912
327753	\N	1840362.40333378059	10331	294912
327754	\N	1534051.7641975428	10332	294912
327755	\N	1312101.87640642049	10333	294912
327756	\N	1752007.67541693593	10334	294912
327757	\N	1018365.8916691523	10335	294912
327758	\N	1595821.93881802494	10336	294912
327759	\N	1331500.78526207106	10401	294912
327760	\N	1123967.50484937895	10404	294912
327761	\N	1776136.217900733	10405	294912
327762	\N	1696864.59313988662	10406	294912
327763	\N	1254811.28048762796	10409	294912
327764	\N	1268168.52604732336	10412	294912
327765	\N	1124822.06043003616	10413	294912
327766	\N	1650467.24420137098	10414	294912
327767	\N	1295866.83004905516	10415	294912
327768	\N	1175241.09782570624	10416	294912
327769	\N	1755388.45894685341	10417	294912
327770	\N	1634760.60194156831	10418	294912
327771	\N	1676885.02478345158	10421	294912
327772	\N	1802643.28984237532	10422	294912
327773	\N	1374510.37301059812	10424	294912
327774	\N	1786506.88429511711	10425	294912
327775	\N	1011776.48070556519	10426	294912
327776	\N	1030107.63304600015	10427	294912
327777	\N	1907978.84607277066	10428	294912
327778	\N	1716241.55382868089	10429	294912
327779	\N	1096105.01043949858	10430	294912
327780	\N	1341327.43028743519	10431	294912
327781	\N	1131587.00811830186	10501	294912
327782	\N	1256932.44371167012	10503	294912
327783	\N	1021576.68807855248	10505	294912
327784	\N	1374612.48379457486	10506	294912
327785	\N	1106845.77775055543	10507	294912
327786	\N	1083516.41678064805	10508	294912
327787	\N	1178442.51203832938	10509	294912
327788	\N	1763566.20932107791	10510	294912
327789	\N	1522511.54031590256	10511	294912
327790	\N	1322118.05994787416	10514	294912
327791	\N	1760957.61721192603	10515	294912
327792	\N	1623404.78563768533	10517	294912
327793	\N	1672791.86208212003	10518	294912
327794	\N	1905450.89938763529	10519	294912
327795	\N	1849047.73203121126	10520	294912
327796	\N	1629360.29741379549	10521	294912
327797	\N	1339227.08388796775	10522	294912
327798	\N	1224846.60720511829	10526	294912
327799	\N	1003591.01159993059	10527	294912
327800	\N	1880679.79082650109	10528	294912
327801	\N	1285629.04205135209	10529	294912
327802	\N	1579552.95405253163	10533	294912
327803	\N	1583232.08441576827	10534	294912
327804	\N	1647052.47316675587	10538	294912
327805	\N	1424090.92468396784	10589	294912
327806	\N	1030387.06792345736	10591	294912
327807	\N	1667401.68517130939	10594	294912
327808	\N	1653867.65226454707	10596	294912
327809	\N	1964964.87964955764	10601	294912
327810	\N	1527524.92017571512	10602	294912
327811	\N	1553224.3482873321	10605	294912
327812	\N	1778526.42872687383	10606	294912
327813	\N	1024836.86345345026	10607	294912
327814	\N	1601154.46688518254	10608	294912
327815	\N	1283253.61232024641	10609	294912
327816	\N	1902100.10223333677	10610	294912
327817	\N	1233911.31365934131	10613	294912
327818	\N	1478913.98206389928	10614	294912
327819	\N	1556482.05913450848	10615	294912
327820	\N	1188949.16297572432	10618	294912
327821	\N	1857850.54261758504	10619	294912
327822	\N	1225483.55275346711	10620	294912
327823	\N	1676831.95591492625	10625	294912
327824	\N	1251486.28617894743	10627	294912
327825	\N	1828996.95628759847	10683	294912
327826	\N	1387391.96437856671	10703	294912
327827	\N	1901339.19655037438	10704	294912
327828	\N	1498087.94153563585	10706	294912
327829	\N	1868039.00234433915	10709	294912
327830	\N	1670047.51994513813	10710	294912
327831	\N	1664501.84049803112	10712	294912
327832	\N	1459228.71756436839	10715	294912
327833	\N	1569564.19127868465	10719	294912
327834	\N	1374195.74498451315	10720	294912
327835	\N	1675771.69269201765	10721	294912
327836	\N	1040233.28319875035	10722	294912
327837	\N	1923575.80492678983	10728	294912
327838	\N	1675452.96315377159	10730	294912
327839	\N	1813925.75450240076	10733	294912
327840	\N	1458611.11327927094	10734	294912
327841	\N	1249932.51867804583	10736	294912
327842	\N	1343259.58368548891	10741	294912
327843	\N	1075061.81270925049	10742	294912
327844	\N	1089759.21259271144	10801	294912
327845	\N	1933802.78706732392	10802	294912
327846	\N	1164542.39467507531	10805	294912
327847	\N	1570220.27693746286	10806	294912
327848	\N	1566888.81484170491	10807	294912
327849	\N	1667609.17790937657	10808	294912
327850	\N	1162570.62435572245	10809	294912
327851	\N	1714142.6409025637	10810	294912
327852	\N	1259351.81400567107	10811	294912
327853	\N	1128569.86102361674	10812	294912
327854	\N	1682935.49449901073	10813	294912
327855	\N	1298433.75159933837	10814	294912
327856	\N	1688113.41332234466	10816	294912
327857	\N	1150828.35277455905	10815	294912
327858	\N	1556278.75719559961	10817	294912
327859	\N	1100404.19321773667	10820	294912
327860	\N	1527937.66146040079	10821	294912
327861	\N	1487294.03597784485	10823	294912
327862	\N	1841340.44567235466	10824	294912
327863	\N	1043125.86503055261	10826	294912
327864	\N	1592922.66320540104	10827	294912
327865	\N	1198700.35511789843	10828	294912
327866	\N	1102092.1209720301	10829	294912
327867	\N	1692741.92045058706	10830	294912
327868	\N	1605343.06310265698	10832	294912
327869	\N	1556018.95392516139	10837	294912
327870	\N	1779166.41313745407	10840	294912
327871	\N	1055830.62462238665	10887	294912
327872	\N	1607326.98274185043	10901	294912
327873	\N	1097251.8746970715	10904	294912
327874	\N	1978489.52882931964	10905	294912
327875	\N	1222629.33883611276	10906	294912
327876	\N	1590715.64283951581	10907	294912
327877	\N	1140756.14869578811	10911	294912
327878	\N	1918968.66011189693	10912	294912
327879	\N	1391183.95385611849	10914	294912
327880	\N	1292523.78247129312	10915	294912
327881	\N	1624638.41633082042	10917	294912
327882	\N	1356281.00067352992	10920	294912
327883	\N	1202995.84296815679	10921	294912
327884	\N	1131739.24944689241	10922	294912
327885	\N	1615389.24045036407	10924	294912
327886	\N	1531257.39746775944	10927	294912
327887	\N	1122496.91678844695	10931	294912
327888	\N	1947770.92691867589	10937	294912
327889	\N	1208810.68986864365	10938	294912
327890	\N	1579047.7527713743	10994	294912
327891	\N	1800690.77462217212	11001	294912
327892	\N	1541673.6937302216	11002	294912
327893	\N	1832422.49032974616	11003	294912
327894	\N	1879201.70371295861	11004	294912
327895	\N	1977556.06444883952	11005	294912
327896	\N	1018350.45938347594	11006	294912
327897	\N	1150915.61956709879	11008	294912
327898	\N	1526992.73070908221	11010	294912
327899	\N	1498315.42082540551	11013	294912
327900	\N	1581250.35611157538	11014	294912
327901	\N	1874854.71153206518	11017	294912
327902	\N	1962759.49927466363	11019	294912
327903	\N	1445432.17602440855	11020	294912
327904	\N	1740653.94698164891	11022	294912
327905	\N	1777713.43294416694	11024	294912
327906	\N	1808733.17791330768	11025	294912
327907	\N	1221203.64966863161	11027	294912
327908	\N	1862455.02366616437	11077	294912
327909	\N	1137459.98384996783	11092	294912
327910	\N	1131765.3671727085	11099	294912
327911	\N	1655078.4479158062	11101	294912
327912	\N	1606420.58330851886	11103	294912
327913	\N	1636292.38231538236	11104	294912
327914	\N	1675566.15451616654	11107	294912
327915	\N	1855332.95406130143	11108	294912
327916	\N	1081229.20014717476	11109	294912
327917	\N	1475756.42871117522	11110	294912
327918	\N	1087506.92811148008	11111	294912
327919	\N	1576499.44079264393	11113	294912
327920	\N	1478159.60704858997	11115	294912
327921	\N	1094361.73206872935	11116	294912
327922	\N	1802738.71483331476	11117	294912
327923	\N	1331946.81308991229	11118	294912
327924	\N	1536121.12136201793	11120	294912
327925	\N	1410944.0074675486	11124	294912
327926	\N	1042321.21190093341	11126	294912
327927	\N	1345272.20281037688	11127	294912
327928	\N	1437787.67471155175	11129	294912
327929	\N	1959404.90015814267	11133	294912
327930	\N	1332253.4421703103	11139	294912
327931	\N	1704669.76120185526	11144	294912
327932	\N	1639917.75669184583	11158	294912
327933	\N	1629093.06936236913	11188	294912
327934	\N	1056742.45594152785	11199	294912
327935	\N	1761200.67795148445	11201	294912
327936	\N	1700513.12580007594	11203	294912
327937	\N	1979973.52843363862	11205	294912
327938	\N	1821741.10138023784	11206	294912
327939	\N	1894896.36544718966	11207	294912
327940	\N	1381288.85775405867	11209	294912
327941	\N	1262864.44055766775	11210	294912
327942	\N	1823732.288395999	11213	294912
327943	\N	1261884.49727791734	11214	294912
327944	\N	1175998.05426015565	11217	294912
327945	\N	1342404.02011062577	11218	294912
327946	\N	1993931.26435003476	11220	294912
327947	\N	1031235.35943956545	11222	294912
327948	\N	1943474.77458390919	11223	294912
327949	\N	1694042.56458447734	11225	294912
327950	\N	1419523.77893681824	11226	294912
327951	\N	1921983.85065351543	11227	294912
327952	\N	1508829.1782958454	11228	294912
327953	\N	1526237.62447023392	11230	294912
327954	\N	1431252.55707978294	11244	294912
327955	\N	1558790.30563210463	11284	294912
327956	\N	1937048.61604719376	11302	294912
327957	\N	1865162.99968790379	11308	294912
327958	\N	1790610.42645097012	11309	294912
327959	\N	1278961.09713910497	11313	294912
327960	\N	1680329.48783218581	11316	294912
327961	\N	1131625.43572984636	11317	294912
327962	\N	1610093.22707021586	11318	294912
327963	\N	1544057.7290956513	11319	294912
327964	\N	1953784.63132232707	11320	294912
327965	\N	1338515.13522937265	11322	294912
327966	\N	1996411.41012870474	11323	294912
327967	\N	1036080.96808117768	11329	294912
327968	\N	1503741.05821113661	11330	294912
327969	\N	1541999.48303322867	11331	294912
327970	\N	1919253.95535418671	11333	294912
327971	\N	1851224.4594736509	11394	294912
327972	\N	1398663.73934107879	11395	294912
327973	\N	1590801.94670801563	11401	294912
327974	\N	1477144.47879169718	11402	294912
327975	\N	1943450.0881520838	11404	294912
327976	\N	1594810.95725023933	11405	294912
327977	\N	1535291.13693840569	11406	294912
327978	\N	1557123.51502979943	11407	294912
327979	\N	1115644.86353075434	11408	294912
327980	\N	1807047.39012227347	11409	294912
327981	\N	1281737.49510135502	11410	294912
327982	\N	1866437.48451230908	11411	294912
327983	\N	1407877.45229580137	11413	294912
327984	\N	1649811.11853657383	11417	294912
327985	\N	1206978.24032067903	11418	294912
327986	\N	1452109.07397107664	11420	294912
327987	\N	1690279.72732113954	11421	294912
327988	\N	1104051.318187078	11425	294912
327989	\N	1484863.83362506097	11426	294912
327990	\N	1118210.03223693161	11427	294912
327991	\N	1632336.90421218402	11428	294912
327992	\N	1113023.57909450633	11429	294912
327993	\N	1818242.00280442042	11501	294912
327994	\N	1600851.90003606165	11502	294912
327995	\N	1990877.65665816842	11505	294912
327996	\N	1513150.09631870547	11506	294912
327997	\N	1118868.31818458275	11507	294912
327998	\N	1967356.21421219897	11508	294912
327999	\N	1335812.87435413711	11509	294912
328000	\N	1565722.33427940402	11511	294912
328001	\N	1432515.02938813018	11512	294912
328002	\N	1468760.18449184136	11514	294912
328003	\N	1915680.49414104829	11515	294912
328004	\N	1071044.05730573297	11520	294912
328005	\N	1067682.66424346273	11521	294912
328006	\N	1993760.19149969891	11522	294912
328007	\N	1354310.66893978254	11524	294912
328008	\N	1418682.96216665255	11527	294912
328009	\N	1453701.76824555988	11529	294912
328010	\N	1347389.8388339323	11532	294912
328011	\N	1265433.91199275944	11534	294912
328012	\N	1955819.46958012134	11544	294912
328013	\N	1727645.02205261542	11602	294912
328014	\N	1809175.19649719633	11603	294912
328015	\N	1673812.67971277423	11604	294912
328016	\N	1740251.33734337892	11605	294912
328017	\N	1429352.50249822414	11606	294912
328018	\N	1813204.83915848797	11607	294912
328019	\N	1339484.34368878976	11608	294912
328020	\N	1085433.60144436266	11609	294912
328021	\N	1970006.22670086659	11610	294912
328022	\N	1136497.8007083789	11611	294912
328023	\N	1695961.5302813407	11613	294912
328024	\N	1302002.75773557043	11614	294912
328025	\N	1732072.19329384202	11617	294912
328026	\N	1682247.99561651051	11620	294912
328027	\N	1133743.7042035812	11621	294912
328028	\N	1693555.62685406441	11622	294912
328029	\N	1757061.66629438894	11623	294912
328030	\N	1800968.29735063226	11625	294912
328031	\N	1787251.49151631305	11627	294912
328032	\N	1174022.46910186042	11630	294912
328033	\N	1982445.60445984243	11637	294912
328034	\N	1105253.89247188019	11640	294912
328035	\N	1816302.99479900859	11667	294912
328036	\N	1839794.8807905307	11680	294912
328037	\N	1900189.70865849243	11688	294912
524288	\N	1602450.24382378999	10102	491520
524289	\N	1234125.59790721373	10103	491520
524290	\N	1057420.88136946992	10105	491520
524291	\N	1799930.39368797	10106	491520
524292	\N	1263166.47528924583	10107	491520
524293	\N	1230853.22670247941	10108	491520
524294	\N	1848521.91074029123	10109	491520
524295	\N	1053261.65676957462	10112	491520
524296	\N	1646997.33594163693	10113	491520
524297	\N	1017733.6988838457	10114	491520
524298	\N	1475732.57873077667	10115	491520
524299	\N	1526043.70856801025	10117	491520
524300	\N	1988412.61551718484	10118	491520
524301	\N	1883531.49730824027	10119	491520
524302	\N	1643323.39261453738	10120	491520
524303	\N	1618734.47921493766	10121	491520
524304	\N	1895952.37934009219	10122	491520
524305	\N	1934080.88651067344	10124	491520
524306	\N	1138308.35231339955	10125	491520
524307	\N	1381673.85523499246	10127	491520
524308	\N	1474017.42931022076	10128	491520
524309	\N	1601623.25102202687	10132	491520
524310	\N	1651944.78261966282	10133	491520
524311	\N	1750013.06229950953	10134	491520
524312	\N	1847412.83100463985	10135	491520
524313	\N	1490559.64333174052	10137	491520
524314	\N	1147983.47234950378	10177	491520
524315	\N	1867577.21511309501	10184	491520
524316	\N	1692312.37384144985	10191	491520
524317	\N	1335406.2365485644	10193	491520
524318	\N	1250965.87186353421	10201	491520
524319	\N	1836483.24353837501	10202	491520
524320	\N	1405632.68894178164	10204	491520
524321	\N	1320372.20771310292	10205	491520
524322	\N	1359310.945272343	10206	491520
524323	\N	1031093.69178612821	10208	491520
524324	\N	1229375.91457504476	10210	491520
524325	\N	1389863.70013562986	10211	491520
524326	\N	1575629.37393426825	10213	491520
524327	\N	1322894.41945165349	10214	491520
524328	\N	1987319.86792977992	10215	491520
524329	\N	1465349.32261279644	10216	491520
524330	\N	1090648.20663095638	10217	491520
524331	\N	1177142.30576459179	10218	491520
524332	\N	1088505.23556315852	10219	491520
524333	\N	1676405.65659141121	10220	491520
524334	\N	1357324.28713745368	10221	491520
524335	\N	1602636.55405147467	10222	491520
524336	\N	1105289.7819032839	10223	491520
524337	\N	1812394.59502912732	10225	491520
524338	\N	1248170.10020624055	10227	491520
524339	\N	1362725.24457622925	10228	491520
524340	\N	1543309.26545311231	10231	491520
524341	\N	1206106.37482169992	10232	491520
524342	\N	1401511.21127035515	10233	491520
524343	\N	1688666.46675175708	10235	491520
524344	\N	1386505.89594834438	10238	491520
524345	\N	1171835.48102653353	10302	491520
524346	\N	1131339.32446874143	10303	491520
524347	\N	1975721.3616589196	10305	491520
524348	\N	1622454.69301484292	10306	491520
524349	\N	1937739.2883639182	10309	491520
524350	\N	1600620.81683724374	10310	491520
524351	\N	1587863.93310627877	10311	491520
524352	\N	1231538.92358043976	10315	491520
524353	\N	1735962.21298679779	10316	491520
524354	\N	1439365.62065075152	10317	491520
524355	\N	1948750.50869022822	10319	491520
524356	\N	1058096.05367743666	10323	491520
524357	\N	1343890.47061445657	10324	491520
524358	\N	1626456.5938294786	10325	491520
524359	\N	1554599.47661031876	10326	491520
524360	\N	1572475.60364536522	10328	491520
524361	\N	1906036.22787724831	10331	491520
524362	\N	1248185.0996398963	10332	491520
524363	\N	1408889.83639348252	10333	491520
524364	\N	1780021.10639930889	10334	491520
524365	\N	1308431.89267690852	10335	491520
524366	\N	1696633.50265758112	10336	491520
524367	\N	1649294.66064284416	10401	491520
524368	\N	1436308.44194297097	10404	491520
524369	\N	1726048.69047740195	10405	491520
524370	\N	1977490.81060344237	10406	491520
524371	\N	1814023.64962037234	10409	491520
524372	\N	1287542.81332884799	10412	491520
524373	\N	1218635.96860612812	10413	491520
524374	\N	1059583.1551700267	10414	491520
524375	\N	1277756.54271768546	10415	491520
524376	\N	1270837.77659669518	10416	491520
524377	\N	1411511.13974226872	10417	491520
524378	\N	1617345.58347205864	10418	491520
524379	\N	1876607.42275871849	10421	491520
524380	\N	1481169.1043271888	10422	491520
524381	\N	1365212.31540305004	10424	491520
524382	\N	1092657.49852328165	10425	491520
524383	\N	1637066.92875731643	10426	491520
524384	\N	1240117.18719042465	10427	491520
524385	\N	1711558.88949667569	10428	491520
524386	\N	1733909.09010787518	10429	491520
524387	\N	1825628.01575082541	10430	491520
524388	\N	1786081.82076631696	10431	491520
524389	\N	1013548.18038113555	10501	491520
524390	\N	1157861.62238723016	10503	491520
524391	\N	1243808.43973497348	10505	491520
524392	\N	1946473.58434388903	10506	491520
524393	\N	1092648.68264760543	10507	491520
524394	\N	1023809.49318389432	10508	491520
524395	\N	1807540.62971583637	10509	491520
524396	\N	1649455.96852010279	10510	491520
524397	\N	1759433.73893086752	10511	491520
524398	\N	1609747.44618368102	10514	491520
524399	\N	1970408.03584931046	10515	491520
524400	\N	1286133.45423353836	10517	491520
524401	\N	1982131.93791406136	10518	491520
524402	\N	1436691.69465482468	10519	491520
524403	\N	1476964.22208654205	10520	491520
524404	\N	1743650.38398882654	10521	491520
524405	\N	1032553.48433515907	10522	491520
524406	\N	1599998.98879848886	10526	491520
524407	\N	1265379.46668493841	10527	491520
524408	\N	1395486.02103540441	10528	491520
524409	\N	1559984.67847952689	10529	491520
524410	\N	1135472.79871555371	10533	491520
524411	\N	1077916.4939487637	10534	491520
524412	\N	1457301.53167065862	10538	491520
524413	\N	1861025.05422312487	10589	491520
524414	\N	1573241.17863065237	10591	491520
524415	\N	1483246.04503169004	10594	491520
524416	\N	1895015.0923695364	10596	491520
524417	\N	1836975.3847089801	10601	491520
524418	\N	1813836.64466513647	10602	491520
524419	\N	1566369.52129325457	10605	491520
524420	\N	1506351.12733872491	10606	491520
524421	\N	1260266.46944593033	10607	491520
524422	\N	1598602.69035208644	10608	491520
524423	\N	1499924.66892356984	10609	491520
524424	\N	1887930.5816905112	10610	491520
524425	\N	1007552.27011746459	10613	491520
524426	\N	1140498.13633122388	10614	491520
524427	\N	1574907.6271559773	10615	491520
524428	\N	1747039.17867735075	10618	491520
524429	\N	1859473.53974409075	10619	491520
524430	\N	1931564.66938388604	10620	491520
524431	\N	1039352.61623010458	10625	491520
524432	\N	1420530.80960193975	10627	491520
524433	\N	1315730.75334560056	10683	491520
524434	\N	1349769.00740597234	10703	491520
524435	\N	1270268.42479566624	10704	491520
524436	\N	1522893.68132849573	10706	491520
524437	\N	1628988.0916149749	10709	491520
524438	\N	1450626.22534354776	10710	491520
524439	\N	1387138.29713137518	10712	491520
524440	\N	1361327.27094345586	10715	491520
524441	\N	1922263.00530864624	10719	491520
524442	\N	1247955.89090938773	10720	491520
524443	\N	1404548.42771886452	10721	491520
524444	\N	1127748.0332107509	10722	491520
524445	\N	1821838.76529930439	10728	491520
524446	\N	1863318.16058819601	10730	491520
524447	\N	1417017.03432402364	10733	491520
524448	\N	1905962.6790554747	10734	491520
524449	\N	1511370.17291114177	10736	491520
524450	\N	1155122.42898869631	10741	491520
524451	\N	1110854.59628559253	10742	491520
524452	\N	1216817.60622759047	10801	491520
524453	\N	1492735.29706572182	10802	491520
524454	\N	1826095.97157047526	10805	491520
524455	\N	1105893.4809726167	10806	491520
524456	\N	1164953.80270685046	10807	491520
524457	\N	1625319.13614200102	10808	491520
524458	\N	1551746.11990633933	10809	491520
524459	\N	1244182.68771461607	10810	491520
524460	\N	1247866.60528246756	10811	491520
524461	\N	1207797.75804074039	10812	491520
524462	\N	1372643.65618737321	10813	491520
524463	\N	1963251.54508797918	10814	491520
524464	\N	1541290.15295987716	10816	491520
524465	\N	1965124.45209615282	10815	491520
524466	\N	1449801.77998621389	10817	491520
524467	\N	1318304.08469528076	10820	491520
524468	\N	1284496.54195874347	10821	491520
524469	\N	1808301.82222533692	10823	491520
524470	\N	1295119.23817877448	10824	491520
524471	\N	1050713.24408236588	10826	491520
524472	\N	1854920.07271067193	10827	491520
524473	\N	1145657.29058352718	10828	491520
524474	\N	1757802.07150160102	10829	491520
524475	\N	1339442.20039287372	10830	491520
524476	\N	1743587.50493610417	10832	491520
524477	\N	1341721.45298911817	10837	491520
524478	\N	1372873.57900890848	10840	491520
524479	\N	1517527.91697662859	10887	491520
524480	\N	1421155.02540905448	10901	491520
524481	\N	1643442.2309383275	10904	491520
524482	\N	1159327.29464936885	10905	491520
524483	\N	1087519.54645861359	10906	491520
524484	\N	1918923.5470508656	10907	491520
524485	\N	1523350.19244202506	10911	491520
524486	\N	1593173.51494735945	10912	491520
524487	\N	1827772.5996110579	10914	491520
524488	\N	1540023.8368616472	10915	491520
524489	\N	1925423.30000629136	10917	491520
524490	\N	1274574.7232305319	10920	491520
524491	\N	1645756.94181084284	10921	491520
524492	\N	1363033.43812705646	10922	491520
524493	\N	1341782.30141348299	10924	491520
524494	\N	1758460.65881481022	10927	491520
524495	\N	1105045.29580886266	10931	491520
524496	\N	1103607.76857869304	10937	491520
524497	\N	1996980.53070481308	10938	491520
524498	\N	1124459.64492885955	10994	491520
524499	\N	1229405.98605142254	11001	491520
524500	\N	1459277.84271535347	11002	491520
524501	\N	1671535.00149418041	11003	491520
524502	\N	1124677.12017701683	11004	491520
524503	\N	1270432.04670151044	11005	491520
524504	\N	1278387.73698405526	11006	491520
524505	\N	1857478.26467143837	11008	491520
524506	\N	1166798.63167677145	11010	491520
524507	\N	1614396.17842635745	11013	491520
524508	\N	1766214.5518463687	11014	491520
524509	\N	1006093.20843141479	11017	491520
524510	\N	1965189.22268187068	11019	491520
524511	\N	1899529.25549341412	11020	491520
524512	\N	1469635.16044593253	11022	491520
524513	\N	1601626.4113403752	11024	491520
524514	\N	1424106.61240434204	11025	491520
524515	\N	1716677.63483130001	11027	491520
524516	\N	1966272.64167085104	11077	491520
524517	\N	1674657.55384777999	11092	491520
524518	\N	1204840.92680846178	11099	491520
524519	\N	1974302.31143621588	11101	491520
524520	\N	1024877.41317162348	11103	491520
524521	\N	1154935.98382008704	11104	491520
524522	\N	1472539.13047742611	11107	491520
524523	\N	1123041.07434360101	11108	491520
524524	\N	1500766.94222413911	11109	491520
524525	\N	1155877.74767579697	11110	491520
524526	\N	1518667.49283060944	11111	491520
524527	\N	1955562.11185118742	11113	491520
524528	\N	1383469.15185703407	11115	491520
524529	\N	1881550.02705405699	11116	491520
524530	\N	1311510.68011788977	11117	491520
524531	\N	1624196.0054298141	11118	491520
524532	\N	1223284.29268445889	11120	491520
524533	\N	1351851.5492870484	11124	491520
524534	\N	1539801.47224339354	11126	491520
524535	\N	1851840.22049619397	11127	491520
524536	\N	1629301.06782897143	11129	491520
524537	\N	1552731.45980346808	11133	491520
524538	\N	1383520.660574154	11139	491520
524539	\N	1050888.43313303776	11144	491520
524540	\N	1653472.37776653445	11158	491520
524541	\N	1935671.49656595849	11188	491520
524542	\N	1071101.39109179331	11199	491520
524543	\N	1210444.5069848951	11201	491520
524544	\N	1653676.87608550023	11203	491520
524545	\N	1414288.75966937351	11205	491520
524546	\N	1263718.0882041906	11206	491520
524547	\N	1963839.38246744499	11207	491520
524548	\N	1663262.76318113552	11209	491520
524549	\N	1135800.10049104132	11210	491520
524550	\N	1445035.23580170842	11213	491520
524551	\N	1206475.93849941064	11214	491520
524552	\N	1385390.14612647006	11217	491520
524553	\N	1341220.88603323302	11218	491520
524554	\N	1788736.35937002348	11220	491520
524555	\N	1998285.64128077612	11222	491520
524556	\N	1677559.33458396513	11223	491520
524557	\N	1570554.78275582544	11225	491520
524558	\N	1426349.35082163336	11226	491520
524559	\N	1255588.25674541527	11227	491520
524560	\N	1795032.0318486453	11228	491520
524561	\N	1317862.80971764307	11230	491520
524562	\N	1644329.13725064555	11244	491520
524563	\N	1913903.44411743805	11284	491520
524564	\N	1721423.18424980575	11302	491520
524565	\N	1995984.1655125292	11308	491520
524566	\N	1302054.24027706543	11309	491520
524567	\N	1826271.41255656164	11313	491520
524568	\N	1630561.27442955365	11316	491520
524569	\N	1731812.63446420152	11317	491520
524570	\N	1681338.99074853072	11318	491520
524571	\N	1650897.05913652643	11319	491520
524572	\N	1895785.36596216029	11320	491520
524573	\N	1080416.52138412208	11322	491520
524574	\N	1053258.62055339874	11323	491520
524575	\N	1377440.3346350058	11329	491520
524576	\N	1091167.48332041851	11330	491520
524577	\N	1219921.83549253223	11331	491520
524578	\N	1479529.56802401505	11333	491520
524579	\N	1943033.03687032079	11394	491520
524580	\N	1113718.83802579157	11395	491520
524581	\N	1568961.97047609463	11401	491520
524582	\N	1753382.77642512927	11402	491520
524583	\N	1597110.04639596958	11404	491520
524584	\N	1896459.46415305883	11405	491520
524585	\N	1054629.6374903121	11406	491520
524586	\N	1928812.99988793908	11407	491520
524587	\N	1288401.40487473551	11408	491520
524588	\N	1179300.54550582217	11409	491520
524589	\N	1451249.44860042376	11410	491520
524590	\N	1587282.60490002809	11411	491520
524591	\N	1367938.3423246569	11413	491520
524592	\N	1458009.0845910674	11417	491520
524593	\N	1308922.94553961139	11418	491520
524594	\N	1847403.38264206285	11420	491520
524595	\N	1328685.40897288034	11421	491520
524596	\N	1541095.26707459381	11425	491520
524597	\N	1995679.84717852855	11426	491520
524598	\N	1135815.52605597139	11427	491520
524599	\N	1135417.67111281701	11428	491520
524600	\N	1110282.66299698269	11429	491520
524601	\N	1288202.97798926802	11501	491520
524602	\N	1906427.93874009559	11502	491520
524603	\N	1937720.55615199287	11505	491520
524604	\N	1302292.19992169878	11506	491520
524605	\N	1763476.49059674004	11507	491520
524606	\N	1820379.57798386854	11508	491520
524607	\N	1604496.93779436592	11509	491520
524608	\N	1607990.72112305602	11511	491520
524609	\N	1967339.96262453776	11512	491520
524610	\N	1380526.81661755126	11514	491520
524611	\N	1570124.61196896341	11515	491520
524612	\N	1319525.6473380588	11520	491520
524613	\N	1965814.23972237343	11521	491520
524614	\N	1651956.86766379001	11522	491520
524615	\N	1940414.77528981306	11524	491520
524616	\N	1346887.36299101217	11527	491520
524617	\N	1421196.85887922579	11529	491520
524618	\N	1493973.04610689776	11532	491520
524619	\N	1670779.59809735278	11534	491520
524620	\N	1472411.05810094229	11544	491520
524621	\N	1777308.43950798316	11602	491520
524622	\N	1679192.64273367077	11603	491520
524623	\N	1899525.67558174441	11604	491520
524624	\N	1015050.72466543084	11605	491520
524625	\N	1486903.8772234791	11606	491520
524626	\N	1381843.58843446197	11607	491520
524627	\N	1195947.07779267849	11608	491520
524628	\N	1435827.53640164179	11609	491520
524629	\N	1469145.02174364007	11610	491520
524630	\N	1780041.37204453489	11611	491520
524631	\N	1565899.83802710054	11613	491520
524632	\N	1631675.60062395595	11614	491520
524633	\N	1146164.51260327641	11617	491520
524634	\N	1935773.12387543032	11620	491520
524635	\N	1546798.00587686663	11621	491520
524636	\N	1536978.42161998525	11622	491520
524637	\N	1475132.91382957855	11623	491520
524638	\N	1691510.85409245198	11625	491520
524639	\N	1619478.23678722326	11627	491520
524640	\N	1180409.44555980084	11630	491520
524641	\N	1365874.61719564768	11637	491520
524642	\N	1053821.38940353668	11640	491520
524643	\N	1466138.48317270842	11667	491520
524644	\N	1529260.64690547343	11680	491520
524645	\N	1753960.08698079688	11688	491520
753664	\N	1212116.77849657391	10102	720896
753665	\N	1449137.43152602483	10103	720896
753666	\N	1114904.00967450603	10105	720896
753667	\N	1770516.09982536989	10106	720896
753668	\N	1435636.63780890824	10107	720896
753669	\N	1424155.02350180736	10108	720896
753670	\N	1335488.25947172008	10109	720896
753671	\N	1726494.72673097951	10112	720896
753672	\N	1471684.02689950145	10113	720896
753673	\N	1954795.9229178261	10114	720896
753674	\N	1518870.79513454228	10115	720896
753675	\N	1811876.90120641934	10117	720896
753676	\N	1129610.04647403979	10118	720896
753677	\N	1872686.24688998051	10119	720896
753678	\N	1955068.24593331176	10120	720896
753679	\N	1674817.78897317965	10121	720896
753680	\N	1740399.16589582991	10122	720896
753681	\N	1582500.78952290374	10124	720896
753682	\N	1200403.19293989358	10125	720896
753683	\N	1307462.73291559285	10127	720896
753684	\N	1429376.92285676813	10128	720896
753685	\N	1765247.09027594887	10132	720896
753686	\N	1767328.36419758387	10133	720896
753687	\N	1365082.29614430503	10134	720896
753688	\N	1048750.49752741377	10135	720896
753689	\N	1536373.09065701347	10137	720896
753690	\N	1918862.35589874536	10177	720896
753691	\N	1274579.88393559004	10184	720896
753692	\N	1787712.93244498409	10191	720896
753693	\N	1311048.23075576243	10193	720896
753694	\N	1079996.25405717781	10201	720896
753695	\N	1570756.71430420945	10202	720896
753696	\N	1756162.01986326464	10204	720896
753697	\N	1352600.43171286373	10205	720896
753698	\N	1859876.29036236904	10206	720896
753699	\N	1950477.03450193489	10208	720896
753700	\N	1772655.30058263475	10210	720896
753701	\N	1609974.56779143214	10211	720896
753702	\N	1316262.6060047152	10213	720896
753703	\N	1992884.44854643987	10214	720896
753704	\N	1178042.6908609753	10215	720896
753705	\N	1986210.9029047424	10216	720896
753706	\N	1887709.80838063918	10217	720896
753707	\N	1358077.298819141	10218	720896
753708	\N	1743288.73683640338	10219	720896
753709	\N	1622324.14892910235	10220	720896
753710	\N	1369110.14033490676	10221	720896
753711	\N	1547159.91503473488	10222	720896
753712	\N	1643316.86742988927	10223	720896
753713	\N	1129597.48736326327	10225	720896
753714	\N	1412685.49993350659	10227	720896
753715	\N	1983343.46628817404	10228	720896
753716	\N	1028278.08322478912	10231	720896
753717	\N	1958188.17615944194	10232	720896
753718	\N	1299209.66953898571	10233	720896
753719	\N	1256778.31527516246	10235	720896
753720	\N	1939467.02539923089	10238	720896
753721	\N	1251074.05778761464	10302	720896
753722	\N	1143187.66633797926	10303	720896
753723	\N	1865057.88175888825	10305	720896
753724	\N	1189178.76407311857	10306	720896
753725	\N	1599753.61632162984	10309	720896
753726	\N	1270914.29288400151	10310	720896
753727	\N	1676840.89772691834	10311	720896
753728	\N	1352119.66120343329	10315	720896
753729	\N	1091744.54652398569	10316	720896
753730	\N	1241779.47582424921	10317	720896
753731	\N	1647798.15572665934	10319	720896
753732	\N	1200556.25309376442	10323	720896
753733	\N	1919809.03370677796	10324	720896
753734	\N	1870882.80559711833	10325	720896
753735	\N	1026096.28858605365	10326	720896
753736	\N	1756206.21859535249	10328	720896
753737	\N	1608966.23691420211	10331	720896
753738	\N	1654965.64745897008	10332	720896
753739	\N	1398889.80971076572	10333	720896
753740	\N	1628945.98563238699	10334	720896
753741	\N	1609735.74195688358	10335	720896
753742	\N	1203864.03464912088	10336	720896
753743	\N	1451799.93761547143	10401	720896
753744	\N	1465729.71023161383	10404	720896
753745	\N	1604688.55961756757	10405	720896
753746	\N	1636131.05106918979	10406	720896
753747	\N	1240117.26380057051	10409	720896
753748	\N	1142684.70071147475	10412	720896
753749	\N	1380264.58794134157	10413	720896
753750	\N	1410172.80357766198	10414	720896
753751	\N	1103471.98518397752	10415	720896
753752	\N	1799168.70607742085	10416	720896
753753	\N	1526948.69192723185	10417	720896
753754	\N	1731187.01525488379	10418	720896
753755	\N	1094974.47277274006	10421	720896
753756	\N	1934644.782373033	10422	720896
753757	\N	1548280.51686117705	10424	720896
753758	\N	1499389.24579503806	10425	720896
753759	\N	1941335.76775108045	10426	720896
753760	\N	1567549.73845468694	10427	720896
753761	\N	1182805.08301376202	10428	720896
753762	\N	1746456.31973946141	10429	720896
753763	\N	1102236.20798361441	10430	720896
753764	\N	1889902.54769879347	10431	720896
753765	\N	1872955.50693450985	10501	720896
753766	\N	1644812.38488786435	10503	720896
753767	\N	1455217.40952135483	10505	720896
753768	\N	1942219.3560965599	10506	720896
753769	\N	1350990.1956666552	10507	720896
753770	\N	1468328.20966077223	10508	720896
753771	\N	1496631.47770448006	10509	720896
753772	\N	1580371.96905340953	10510	720896
753773	\N	1254491.43431754294	10511	720896
753774	\N	1333199.39587962627	10514	720896
753775	\N	1719688.32262429688	10515	720896
753776	\N	1409347.24211064959	10517	720896
753777	\N	1532563.78863214701	10518	720896
753778	\N	1154214.78803159553	10519	720896
753779	\N	1007400.32897302462	10520	720896
753780	\N	1418434.85988538852	10521	720896
753781	\N	1158754.10481510148	10522	720896
753782	\N	1014321.77143728873	10526	720896
753783	\N	1461231.4286219303	10527	720896
753784	\N	1768191.42704836023	10528	720896
753785	\N	1327847.96306282841	10529	720896
753786	\N	1064339.74399253284	10533	720896
753787	\N	1075514.9350328478	10534	720896
753788	\N	1551599.07868646109	10538	720896
753789	\N	1881079.49894494889	10589	720896
753790	\N	1144869.62072842428	10591	720896
753791	\N	1063212.82684254227	10594	720896
753792	\N	1380157.07903785212	10596	720896
753793	\N	1177925.11091290973	10601	720896
753794	\N	1553890.97425195738	10602	720896
753795	\N	1440346.82983250986	10605	720896
753796	\N	1330215.53457497433	10606	720896
753797	\N	1012533.81708719768	10607	720896
753798	\N	1771235.37706410279	10608	720896
753799	\N	1684439.49137481628	10609	720896
753800	\N	1125679.8351228158	10610	720896
753801	\N	1458980.16015799763	10613	720896
753802	\N	1495068.25650161947	10614	720896
753803	\N	1896560.88818217721	10615	720896
753804	\N	1430285.8545778119	10618	720896
753805	\N	1721908.25952433376	10619	720896
753806	\N	1045708.19418807083	10620	720896
753807	\N	1917085.10220034723	10625	720896
753808	\N	1775965.28242445225	10627	720896
753809	\N	1167768.32172845118	10683	720896
753810	\N	1048557.04791482503	10703	720896
753811	\N	1272017.83108296152	10704	720896
753812	\N	1963391.36941656191	10706	720896
753813	\N	1716729.98654213687	10709	720896
753814	\N	1320610.03167597973	10710	720896
753815	\N	1659764.48054009536	10712	720896
753816	\N	1736615.50111477613	10715	720896
753817	\N	1686489.48716602288	10719	720896
753818	\N	1053959.94749539229	10720	720896
753819	\N	1927466.1453996636	10721	720896
753820	\N	1155775.09160791757	10722	720896
753821	\N	1996570.37966153119	10728	720896
753822	\N	1714905.22339525307	10730	720896
753823	\N	1131538.24960502866	10733	720896
753824	\N	1370174.15115876822	10734	720896
753825	\N	1365350.7128608448	10736	720896
753826	\N	1558716.84323024121	10741	720896
753827	\N	1328804.83231355762	10742	720896
753828	\N	1428607.61835551378	10801	720896
753829	\N	1761931.95231410558	10802	720896
753830	\N	1297814.11970741814	10805	720896
753831	\N	1202629.0327421166	10806	720896
753832	\N	1354621.20107800676	10807	720896
753833	\N	1911097.93242789246	10808	720896
753834	\N	1255045.15615395294	10809	720896
753835	\N	1492698.26860670466	10810	720896
753836	\N	1961468.5808891207	10811	720896
753837	\N	1091995.15769120352	10812	720896
753838	\N	1283962.58991291164	10813	720896
753839	\N	1467630.29607586376	10814	720896
753840	\N	1784848.62423111312	10816	720896
753841	\N	1819798.07230966142	10815	720896
753842	\N	1844431.17992640939	10817	720896
753843	\N	1356324.28974062717	10820	720896
753844	\N	1071074.50567317614	10821	720896
753845	\N	1254506.25581480679	10823	720896
753846	\N	1884598.28109399183	10824	720896
753847	\N	1736988.93156970828	10826	720896
753848	\N	1974148.40673279902	10827	720896
753849	\N	1342152.98783566873	10828	720896
753850	\N	1599204.24840681534	10829	720896
753851	\N	1372036.84583605803	10830	720896
753852	\N	1987284.49307373236	10832	720896
753853	\N	1761087.53971417993	10837	720896
753854	\N	1709405.08457963541	10840	720896
753855	\N	1872543.35070914798	10887	720896
753856	\N	1162743.82742840378	10901	720896
753857	\N	1719626.38737494056	10904	720896
753858	\N	1640724.29024096159	10905	720896
753859	\N	1877724.52578110714	10906	720896
753860	\N	1858415.16750167264	10907	720896
753861	\N	1531251.26902101422	10911	720896
753862	\N	1863447.05636534328	10912	720896
753863	\N	1142897.74514666316	10914	720896
753864	\N	1590395.61481602793	10915	720896
753865	\N	1679664.9457452551	10917	720896
753866	\N	1703714.74881418701	10920	720896
753867	\N	1043645.96529843728	10921	720896
753868	\N	1067895.76072888938	10922	720896
753869	\N	1778398.27559090545	10924	720896
753870	\N	1133772.87763328245	10927	720896
753871	\N	1524414.02373997727	10931	720896
753872	\N	1640113.94878373295	10937	720896
753873	\N	1428294.91607633489	10938	720896
753874	\N	1406271.53834560979	10994	720896
753875	\N	1446523.84398072399	11001	720896
753876	\N	1194294.84945050045	11002	720896
753877	\N	1481082.9396412042	11003	720896
753878	\N	1910212.16876091389	11004	720896
753879	\N	1623602.89443701133	11005	720896
753880	\N	1010007.71088823967	11006	720896
753881	\N	1628375.52324714535	11008	720896
753882	\N	1295079.66429879703	11010	720896
753883	\N	1571678.0326395696	11013	720896
753884	\N	1196749.95896708616	11014	720896
753885	\N	1552825.29984738515	11017	720896
753886	\N	1734895.1676466295	11019	720896
753887	\N	1146694.8330292711	11020	720896
753888	\N	1120302.25651639304	11022	720896
753889	\N	1101790.3065334626	11024	720896
753890	\N	1185368.51416056883	11025	720896
753891	\N	1793979.9610556066	11027	720896
753892	\N	1657831.2336850604	11077	720896
753893	\N	1073751.85432694573	11092	720896
753894	\N	1625026.57165048202	11099	720896
753895	\N	1092172.72760198661	11101	720896
753896	\N	1212556.74757738411	11103	720896
753897	\N	1243857.6871352836	11104	720896
753898	\N	1565137.18599278643	11107	720896
753899	\N	1638408.71532088239	11108	720896
753900	\N	1165870.34905625042	11109	720896
753901	\N	1197346.35984537145	11110	720896
753902	\N	1563445.16573724616	11111	720896
753903	\N	1092047.0822637775	11113	720896
753904	\N	1848112.55003499193	11115	720896
753905	\N	1388242.11448475951	11116	720896
753906	\N	1083181.16628262424	11117	720896
753907	\N	1370990.59958514338	11118	720896
753908	\N	1168786.14132628264	11120	720896
753909	\N	1595591.50817033346	11124	720896
753910	\N	1801500.22238440486	11126	720896
753911	\N	1577655.09959758422	11127	720896
753912	\N	1762803.8317853827	11129	720896
753913	\N	1610646.80623390526	11133	720896
753914	\N	1390451.43392353272	11139	720896
753915	\N	1220903.23019065498	11144	720896
753916	\N	1881438.0179541437	11158	720896
753917	\N	1555783.10728362761	11188	720896
753918	\N	1868776.22878707619	11199	720896
753919	\N	1695765.00970337912	11201	720896
753920	\N	1284961.61932057096	11203	720896
753921	\N	1709569.59228495508	11205	720896
753922	\N	1854277.36890761601	11206	720896
753923	\N	1784525.36801594635	11207	720896
753924	\N	1078538.40900566941	11209	720896
753925	\N	1092297.86244385759	11210	720896
753926	\N	1434196.7555591194	11213	720896
753927	\N	1150766.89821916865	11214	720896
753928	\N	1773742.45613366156	11217	720896
753929	\N	1352402.95971900667	11218	720896
753930	\N	1914984.69902382558	11220	720896
753931	\N	1412213.8773880885	11222	720896
753932	\N	1855155.58315365948	11223	720896
753933	\N	1686596.01973091834	11225	720896
753934	\N	1413039.28323275875	11226	720896
753935	\N	1398731.0361123546	11227	720896
753936	\N	1784813.18207629677	11228	720896
753937	\N	1625159.5631166629	11230	720896
753938	\N	1104439.63217469491	11244	720896
753939	\N	1628588.93542750762	11284	720896
753940	\N	1686838.05133446329	11302	720896
753941	\N	1518740.09372515697	11308	720896
753942	\N	1964391.61449144641	11309	720896
753943	\N	1869115.19459596369	11313	720896
753944	\N	1920422.83506339416	11316	720896
753945	\N	1474104.54299547314	11317	720896
753946	\N	1996050.72798097925	11318	720896
753947	\N	1887108.78332738904	11319	720896
753948	\N	1371391.81463850872	11320	720896
753949	\N	1303710.99410633161	11322	720896
753950	\N	1273581.60648191627	11323	720896
753951	\N	1139902.29813910089	11329	720896
753952	\N	1570892.94846644509	11330	720896
753953	\N	1777575.74549453054	11331	720896
753954	\N	1605759.15709802904	11333	720896
753955	\N	1209715.35949851712	11394	720896
753956	\N	1684341.6422317191	11395	720896
753957	\N	1095802.72067117388	11401	720896
753958	\N	1264111.30562557047	11402	720896
753959	\N	1241949.25072562299	11404	720896
753960	\N	1004557.71497703064	11405	720896
753961	\N	1036273.1934816069	11406	720896
753962	\N	1013549.40110216313	11407	720896
753963	\N	1512331.87511360692	11408	720896
753964	\N	1830107.76254515932	11409	720896
753965	\N	1674376.97880758857	11410	720896
753966	\N	1633626.60087695485	11411	720896
753967	\N	1518328.60870535509	11413	720896
753968	\N	1513184.92520338111	11417	720896
753969	\N	1920299.13318117987	11418	720896
753970	\N	1225010.92961215251	11420	720896
753971	\N	1666993.76883951481	11421	720896
753972	\N	1020928.98216650099	11425	720896
753973	\N	1374258.8178690644	11426	720896
753974	\N	1858453.96213721018	11427	720896
753975	\N	1714444.10675520031	11428	720896
753976	\N	1569909.27844150248	11429	720896
753977	\N	1161229.74572841404	11501	720896
753978	\N	1542482.54242564039	11502	720896
753979	\N	1601394.19814894116	11505	720896
753980	\N	1765563.93604561477	11506	720896
753981	\N	1474054.80094952392	11507	720896
753982	\N	1061235.10409876751	11508	720896
753983	\N	1224701.37501833518	11509	720896
753984	\N	1206709.02603776287	11511	720896
753985	\N	1527499.82539570844	11512	720896
753986	\N	1965310.39762334479	11514	720896
753987	\N	1986625.25813084655	11515	720896
753988	\N	1699801.01406130381	11520	720896
753989	\N	1505674.59243534924	11521	720896
753990	\N	1886191.20928440196	11522	720896
753991	\N	1671515.17431381252	11524	720896
753992	\N	1068457.37342110439	11527	720896
753993	\N	1871381.75976603152	11529	720896
753994	\N	1388751.12284822483	11532	720896
753995	\N	1313896.39066499658	11534	720896
753996	\N	1040808.98793644644	11544	720896
753997	\N	1098337.49418655131	11602	720896
753998	\N	1776547.75172259472	11603	720896
753999	\N	1242434.04790050467	11604	720896
754000	\N	1850579.89179442218	11605	720896
754001	\N	1485839.95713746408	11606	720896
754002	\N	1621051.12757000816	11607	720896
754003	\N	1411010.97371418774	11608	720896
754004	\N	1997358.93570263404	11609	720896
754005	\N	1220345.15199995018	11610	720896
754006	\N	1298651.14524037531	11611	720896
754007	\N	1461164.26058009104	11613	720896
754008	\N	1077349.00048482371	11614	720896
754009	\N	1259542.00427910616	11617	720896
754010	\N	1488233.53589399741	11620	720896
754011	\N	1699382.47164317919	11621	720896
754012	\N	1717949.27163472865	11622	720896
754013	\N	1931901.53852323769	11623	720896
754014	\N	1407308.69739985373	11625	720896
754015	\N	1318273.58834690275	11627	720896
754016	\N	1427847.03171262867	11630	720896
754017	\N	1368307.88608728489	11637	720896
754018	\N	1546123.76086701127	11640	720896
754019	\N	1742371.501396331	11667	720896
754020	\N	1608864.62041745964	11680	720896
754021	\N	1012261.57583381969	11688	720896
754022	\N	1796882.71308000875	10102	720896
754023	\N	1937356.73251177417	10103	720896
754024	\N	1066628.97603173298	10105	720896
754025	\N	1491278.34909654106	10106	720896
754026	\N	1169145.26649924391	10107	720896
754027	\N	1885724.7856610443	10108	720896
754028	\N	1104200.08269416448	10109	720896
754029	\N	1074489.64541234449	10112	720896
754030	\N	1732670.51930257585	10113	720896
754031	\N	1202443.36109197047	10114	720896
754032	\N	1686116.09982622275	10115	720896
754033	\N	1790083.7627460754	10117	720896
754034	\N	1035416.35219038429	10118	720896
754035	\N	1040897.54901467357	10119	720896
754036	\N	1219882.26405914174	10120	720896
754037	\N	1031109.17736145726	10121	720896
754038	\N	1007101.17334722006	10122	720896
754039	\N	1022429.97769963928	10124	720896
754040	\N	1217751.94289780105	10125	720896
754041	\N	1139294.83602761221	10127	720896
754042	\N	1277679.76654910203	10128	720896
754043	\N	1912040.36543491762	10132	720896
754044	\N	1473717.78762927558	10133	720896
754045	\N	1023924.63365491468	10134	720896
754046	\N	1915280.40968800336	10135	720896
754047	\N	1158317.17951439274	10137	720896
754048	\N	1418951.53735161992	10177	720896
754049	\N	1346436.16343575274	10184	720896
754050	\N	1819595.76922740089	10191	720896
754051	\N	1217431.82690684125	10193	720896
754052	\N	1003501.29555575096	10201	720896
754053	\N	1181297.05491585797	10202	720896
754054	\N	1394414.99757825444	10204	720896
754055	\N	1789033.0798893827	10205	720896
754056	\N	1792875.55698076449	10206	720896
754057	\N	1349844.11430896819	10208	720896
754058	\N	1666930.52971533523	10210	720896
754059	\N	1706138.31717801164	10211	720896
754060	\N	1965213.38394003827	10213	720896
754061	\N	1816154.58236692287	10214	720896
754062	\N	1721647.62523160572	10215	720896
754063	\N	1241624.64344098372	10216	720896
754064	\N	1548060.32031335868	10217	720896
754065	\N	1632650.18104333431	10218	720896
754066	\N	1173170.50406933343	10219	720896
754067	\N	1020682.07413039531	10220	720896
754068	\N	1543340.4839655431	10221	720896
754069	\N	1928018.89348299173	10222	720896
754070	\N	1414833.87730707088	10223	720896
754071	\N	1561597.77622667467	10225	720896
754072	\N	1554934.97654293431	10227	720896
754073	\N	1341170.9947933557	10228	720896
754074	\N	1549094.53695858736	10231	720896
754075	\N	1706498.71306178323	10232	720896
754076	\N	1155347.3050724573	10233	720896
754077	\N	1122329.26846306701	10235	720896
754078	\N	1230792.14597444725	10238	720896
754079	\N	1849187.68789323512	10302	720896
754080	\N	1506257.16258448525	10303	720896
754081	\N	1845986.48922042898	10305	720896
754082	\N	1135834.62057540193	10306	720896
754083	\N	1918965.62531339051	10309	720896
754084	\N	1682333.44320527231	10310	720896
754085	\N	1310345.00998523296	10311	720896
754086	\N	1405558.04971849872	10315	720896
754087	\N	1537340.65897248872	10316	720896
754088	\N	1738498.4977297422	10317	720896
754089	\N	1733987.2197376173	10319	720896
754090	\N	1210956.7672213146	10323	720896
754091	\N	1628782.50649278937	10324	720896
754092	\N	1807905.44796332764	10325	720896
754093	\N	1802907.8812071248	10326	720896
754094	\N	1531174.58013781067	10328	720896
754095	\N	1037188.43963406992	10331	720896
754096	\N	1421210.80926332669	10332	720896
754097	\N	1469672.04313980439	10333	720896
754098	\N	1347093.06867591292	10334	720896
754099	\N	1376484.92953991448	10335	720896
754100	\N	1797295.16937288875	10336	720896
754101	\N	1661345.60485083517	10401	720896
754102	\N	1713548.85799277993	10404	720896
754103	\N	1426796.62913928041	10405	720896
754104	\N	1071404.67158015445	10406	720896
754105	\N	1213977.75366376573	10409	720896
754106	\N	1592656.21289564809	10412	720896
754107	\N	1876872.80548117054	10413	720896
754108	\N	1298756.38591628661	10414	720896
754109	\N	1418797.7828608714	10415	720896
754110	\N	1905907.39676146396	10416	720896
754111	\N	1108968.2399537717	10417	720896
754112	\N	1599971.53214535536	10418	720896
754113	\N	1538921.57489342242	10421	720896
754114	\N	1994168.0601407853	10422	720896
754115	\N	1024134.37144790078	10424	720896
754116	\N	1999269.99064423284	10425	720896
754117	\N	1535245.34652932361	10426	720896
754118	\N	1562380.50908859307	10427	720896
754119	\N	1613883.57969628088	10428	720896
754120	\N	1347180.31393308612	10429	720896
754121	\N	1026337.9470926224	10430	720896
754122	\N	1229732.8412726447	10431	720896
754123	\N	1098447.40724321059	10501	720896
754124	\N	1216589.96797483158	10503	720896
754125	\N	1199524.87422510772	10505	720896
754126	\N	1006247.38930802152	10506	720896
754127	\N	1972357.97525612311	10507	720896
754128	\N	1814280.14766511554	10508	720896
754129	\N	1988990.72544755088	10509	720896
754130	\N	1373186.97520003747	10510	720896
754131	\N	1224838.61060605128	10511	720896
754132	\N	1759660.68387457076	10514	720896
754133	\N	1341609.14739177329	10515	720896
754134	\N	1157373.21522907563	10517	720896
754135	\N	1335498.33069563936	10518	720896
754136	\N	1048240.16073845595	10519	720896
754137	\N	1802342.2660540184	10520	720896
754138	\N	1058456.09056879184	10521	720896
754139	\N	1385082.58658739715	10522	720896
754140	\N	1639437.07382430136	10526	720896
754141	\N	1968434.85726763867	10527	720896
754142	\N	1513369.24357353151	10528	720896
754143	\N	1766539.75269765267	10529	720896
754144	\N	1886657.93891002284	10533	720896
754145	\N	1585260.26926256856	10534	720896
754146	\N	1563651.15181573154	10538	720896
754147	\N	1533421.73136470979	10589	720896
754148	\N	1462138.9441694764	10591	720896
754149	\N	1186559.18317003595	10594	720896
754150	\N	1529007.39871587604	10596	720896
754151	\N	1380643.8833746477	10601	720896
754152	\N	1519867.46096772491	10602	720896
754153	\N	1217944.10308581498	10605	720896
754154	\N	1584434.37153854384	10606	720896
754155	\N	1616888.01142410701	10607	720896
754156	\N	1586970.60617921408	10608	720896
754157	\N	1524925.95363175031	10609	720896
754158	\N	1788420.51537809102	10610	720896
754159	\N	1258439.57070270344	10613	720896
754160	\N	1077278.11500538327	10614	720896
754161	\N	1935351.46883036499	10615	720896
754162	\N	1716186.35481748777	10618	720896
754163	\N	1551008.10470094136	10619	720896
754164	\N	1380336.99135823222	10620	720896
754165	\N	1421023.20808898262	10625	720896
754166	\N	1614619.36985317175	10627	720896
754167	\N	1809087.79206836363	10683	720896
754168	\N	1194975.94670817396	10703	720896
754169	\N	1984406.85598626221	10704	720896
754170	\N	1914506.04405946704	10706	720896
754171	\N	1451673.09087272617	10709	720896
754172	\N	1148587.78771118005	10710	720896
754173	\N	1983712.87785950536	10712	720896
754174	\N	1010857.92117894115	10715	720896
754175	\N	1508651.4686420667	10719	720896
754176	\N	1771618.29378057411	10720	720896
754177	\N	1083272.95401010709	10721	720896
754178	\N	1453574.09788713348	10722	720896
754179	\N	1673954.04563640198	10728	720896
754180	\N	1581320.45493077463	10730	720896
754181	\N	1396014.14334001485	10733	720896
754182	\N	1078377.993693911	10734	720896
754183	\N	1189551.92960412125	10736	720896
754184	\N	1369653.12828685762	10741	720896
754185	\N	1670966.34137491812	10742	720896
754186	\N	1151911.50361154717	10801	720896
754187	\N	1458644.43559123552	10802	720896
754188	\N	1787273.71036333079	10805	720896
754189	\N	1571121.86416418478	10806	720896
754190	\N	1305064.57652759925	10807	720896
754191	\N	1306892.85020136647	10808	720896
754192	\N	1968894.43239947921	10809	720896
754193	\N	1185598.59717115178	10810	720896
754194	\N	1885064.43679066654	10811	720896
754195	\N	1237311.13794592978	10812	720896
754196	\N	1254842.54488876718	10813	720896
754197	\N	1924940.73773017526	10814	720896
754198	\N	1369542.90440182667	10816	720896
754199	\N	1857433.35560527816	10815	720896
754200	\N	1029484.66855506995	10817	720896
754201	\N	1859524.29719297215	10820	720896
754202	\N	1654746.51921168505	10821	720896
754203	\N	1896634.66129626147	10823	720896
754204	\N	1319246.05509487493	10824	720896
754205	\N	1378417.23103961139	10826	720896
754206	\N	1355248.86037385208	10827	720896
754207	\N	1876991.04749442986	10828	720896
754208	\N	1071275.84087673132	10829	720896
754209	\N	1769676.80882619601	10830	720896
754210	\N	1733970.01779070497	10832	720896
754211	\N	1552820.51835170155	10837	720896
754212	\N	1968379.44145557331	10840	720896
754213	\N	1952949.75499226898	10887	720896
754214	\N	1519003.64883102966	10901	720896
754215	\N	1692056.62298033549	10904	720896
754216	\N	1226660.1269059733	10905	720896
754217	\N	1131373.41372722387	10906	720896
754218	\N	1657696.88985861279	10907	720896
754219	\N	1636862.34920907672	10911	720896
754220	\N	1069381.18322145753	10912	720896
754221	\N	1572158.98451745743	10914	720896
754222	\N	1008624.19741146278	10915	720896
754223	\N	1351401.11847105832	10917	720896
754224	\N	1473881.56905239937	10920	720896
754225	\N	1073870.96318202489	10921	720896
754226	\N	1078541.25457954477	10922	720896
754227	\N	1341438.54488604609	10924	720896
754228	\N	1347946.98560152017	10927	720896
754229	\N	1933299.14386361418	10931	720896
754230	\N	1174100.37772137206	10937	720896
754231	\N	1913457.09791432833	10938	720896
754232	\N	1507859.91656318866	10994	720896
754233	\N	1385953.21515488531	11001	720896
754234	\N	1757054.27792719286	11002	720896
754235	\N	1730223.31988974474	11003	720896
754236	\N	1702421.36838332517	11004	720896
754237	\N	1561591.70594169479	11005	720896
754238	\N	1366870.36196261342	11006	720896
754239	\N	1515254.95957558462	11008	720896
754240	\N	1455557.99566177581	11010	720896
754241	\N	1969831.12497120397	11013	720896
754242	\N	1206122.84979966865	11014	720896
754243	\N	1060393.63335607899	11017	720896
754244	\N	1684698.52882341482	11019	720896
754245	\N	1410762.67522115819	11020	720896
754246	\N	1371725.54061719845	11022	720896
754247	\N	1398695.7776502287	11024	720896
754248	\N	1892923.58689906471	11025	720896
754249	\N	1991637.54411784909	11027	720896
754250	\N	1759013.34617197374	11077	720896
754251	\N	1119113.16830534209	11092	720896
754252	\N	1229963.3256034879	11099	720896
754253	\N	1623064.7466119309	11101	720896
754254	\N	1865875.8340145098	11103	720896
754255	\N	1319941.65169983357	11104	720896
754256	\N	1870437.61204967462	11107	720896
754257	\N	1966797.12971879123	11108	720896
754258	\N	1080591.53449183377	11109	720896
754259	\N	1624774.5077793193	11110	720896
754260	\N	1967304.08373935334	11111	720896
754261	\N	1312065.63649103208	11113	720896
754262	\N	1549707.0687972228	11115	720896
754263	\N	1017705.15157494613	11116	720896
754264	\N	1904299.15511113638	11117	720896
754265	\N	1268553.2395444836	11118	720896
754266	\N	1391250.14618593804	11120	720896
754267	\N	1993781.00797819393	11124	720896
754268	\N	1693228.00018297648	11126	720896
754269	\N	1481483.66224040068	11127	720896
754270	\N	1843761.48307962832	11129	720896
754271	\N	1666218.88296829071	11133	720896
754272	\N	1140279.20169492182	11139	720896
754273	\N	1797932.66726677073	11144	720896
754274	\N	1923075.07762480062	11158	720896
754275	\N	1023649.42520603072	11188	720896
754276	\N	1840110.76804823242	11199	720896
754277	\N	1443352.00801563123	11201	720896
754278	\N	1296472.5470266277	11203	720896
754279	\N	1488666.44088604976	11205	720896
754280	\N	1147273.92684103409	11206	720896
754281	\N	1803429.76184980152	11207	720896
754282	\N	1377781.70616037562	11209	720896
754283	\N	1293214.49126935215	11210	720896
754284	\N	1021611.56427913019	11213	720896
754285	\N	1348792.84996971977	11214	720896
754286	\N	1097185.5277255408	11217	720896
754287	\N	1956856.00714902347	11218	720896
754288	\N	1047589.05046658672	11220	720896
754289	\N	1088690.83794278861	11222	720896
754290	\N	1405952.48375032051	11223	720896
754291	\N	1330716.94862299459	11225	720896
754292	\N	1987084.44499642402	11226	720896
754293	\N	1694682.59238700243	11227	720896
754294	\N	1338994.88822145481	11228	720896
754295	\N	1252918.01567353867	11230	720896
754296	\N	1940986.36615158431	11244	720896
754297	\N	1096480.51802263851	11284	720896
754298	\N	1377106.94460575632	11302	720896
754299	\N	1850556.02384092403	11308	720896
754300	\N	1567017.76272794604	11309	720896
754301	\N	1919489.46990777715	11313	720896
754302	\N	1925929.74842257681	11316	720896
754303	\N	1918807.88087358885	11317	720896
754304	\N	1829523.67189969239	11318	720896
754305	\N	1607210.87589939102	11319	720896
754306	\N	1960135.55014673201	11320	720896
754307	\N	1609487.75384865282	11322	720896
754308	\N	1441532.55290102912	11323	720896
754309	\N	1451564.68534240592	11329	720896
754310	\N	1269019.0267375398	11330	720896
754311	\N	1869395.14587885002	11331	720896
754312	\N	1500219.46934752073	11333	720896
754313	\N	1040315.07448655879	11394	720896
754314	\N	1283628.6790656019	11395	720896
754315	\N	1683050.32975944784	11401	720896
754316	\N	1813971.3324390077	11402	720896
754317	\N	1823168.59902570676	11404	720896
754318	\N	1165766.84195061331	11405	720896
754319	\N	1194920.36628501676	11406	720896
754320	\N	1072573.56320266984	11407	720896
754321	\N	1596746.13648130465	11408	720896
754322	\N	1695631.59718665318	11409	720896
754323	\N	1212997.7758934272	11410	720896
754324	\N	1321608.36959886644	11411	720896
754325	\N	1713512.80393430963	11413	720896
754326	\N	1507570.09967057407	11417	720896
754327	\N	1428600.88496543211	11418	720896
754328	\N	1167975.0093404504	11420	720896
754329	\N	1730882.84633035306	11421	720896
754330	\N	1392357.19920993224	11425	720896
754331	\N	1926523.18097579945	11426	720896
754332	\N	1765512.8902437673	11427	720896
754333	\N	1034099.6993753264	11428	720896
754334	\N	1709609.13343182928	11429	720896
754335	\N	1205166.77640755009	11501	720896
754336	\N	1908028.2974703561	11502	720896
754337	\N	1690123.31036786339	11505	720896
754338	\N	1435387.37937934836	11506	720896
754339	\N	1978052.65753230872	11507	720896
754340	\N	1491596.31694043335	11508	720896
754341	\N	1419640.71784398193	11509	720896
754342	\N	1007742.64678071439	11511	720896
754343	\N	1486108.30236771679	11512	720896
754344	\N	1198829.43286904762	11514	720896
754345	\N	1110447.94253316475	11515	720896
754346	\N	1926894.60709616612	11520	720896
754347	\N	1914391.43274265947	11521	720896
754348	\N	1504874.86451408197	11522	720896
754349	\N	1737834.2441638473	11524	720896
754350	\N	1016938.51932955498	11527	720896
754351	\N	1777415.80713052722	11529	720896
754352	\N	1008222.87014615105	11532	720896
754353	\N	1906232.87194115669	11534	720896
754354	\N	1362414.46766041685	11544	720896
754355	\N	1814003.25422055926	11602	720896
754356	\N	1648978.67040727846	11603	720896
754357	\N	1481284.80619041552	11604	720896
754358	\N	1195771.22392251156	11605	720896
754359	\N	1015593.90825629968	11606	720896
754360	\N	1593070.71767046582	11607	720896
754361	\N	1942595.14483250212	11608	720896
754362	\N	1430700.99003050057	11609	720896
754363	\N	1901204.25321083632	11610	720896
754364	\N	1432938.82072829828	11611	720896
754365	\N	1154844.58364224387	11613	720896
754366	\N	1111517.6637649592	11614	720896
754367	\N	1047730.50132099155	11617	720896
754368	\N	1883565.32208507787	11620	720896
754369	\N	1228550.85873745126	11621	720896
754370	\N	1780195.64844338084	11622	720896
754371	\N	1186052.66473910515	11623	720896
754372	\N	1337283.42798363441	11625	720896
754373	\N	1021658.52376775513	11627	720896
754374	\N	1650382.19901216077	11630	720896
754375	\N	1881402.4121803618	11637	720896
754376	\N	1481616.64408839773	11640	720896
754377	\N	1619267.48962171306	11667	720896
754378	\N	1521641.30099209561	11680	720896
754379	\N	1930715.64406198775	11688	720896
754380	\N	1681473.99472036539	10102	720897
754381	\N	1821194.23707179842	10103	720897
754382	\N	1567382.39599750657	10105	720897
754383	\N	1130198.63994579366	10106	720897
754384	\N	1980345.5274590333	10107	720897
754385	\N	1265691.84042085288	10108	720897
754386	\N	1486372.64490698371	10109	720897
754387	\N	1993094.25857839454	10112	720897
754388	\N	1384713.46494217613	10113	720897
754389	\N	1322538.22258037934	10114	720897
754390	\N	1020426.76778497454	10115	720897
754391	\N	1330642.56971816765	10117	720897
754392	\N	1561714.20544629218	10118	720897
754393	\N	1299834.64076363947	10119	720897
754394	\N	1509813.84814032237	10120	720897
754395	\N	1348488.20002367953	10121	720897
754396	\N	1202157.01126023894	10122	720897
754397	\N	1826239.20098688616	10124	720897
754398	\N	1983115.42082789866	10125	720897
754399	\N	1056294.31433403469	10127	720897
754400	\N	1079325.30296642194	10128	720897
754401	\N	1493993.12943327054	10132	720897
754402	\N	1259715.24247457972	10133	720897
754403	\N	1340081.124743819	10134	720897
754404	\N	1268556.96709332382	10135	720897
754405	\N	1977980.23181809718	10137	720897
754406	\N	1680795.36070643575	10177	720897
754407	\N	1004814.48221409554	10184	720897
754408	\N	1083420.373252569	10191	720897
754409	\N	1882192.88033489487	10193	720897
754410	\N	1378659.84951268556	10201	720897
754411	\N	1459028.14451968577	10202	720897
754412	\N	1031372.98913124751	10204	720897
754413	\N	1507360.63883245131	10205	720897
754414	\N	1444401.23016478727	10206	720897
754415	\N	1483770.70193158719	10208	720897
754416	\N	1495109.71168630896	10210	720897
754417	\N	1582130.24077126896	10211	720897
754418	\N	1960371.36400020309	10213	720897
754419	\N	1704926.65141005279	10214	720897
754420	\N	1905379.00093706371	10215	720897
754421	\N	1755069.06961158221	10216	720897
754422	\N	1626613.09085953794	10217	720897
754423	\N	1970967.96962258453	10218	720897
754424	\N	1886864.03097331617	10219	720897
754425	\N	1305896.21811186802	10220	720897
754426	\N	1629354.38818954956	10221	720897
754427	\N	1827451.52969681798	10222	720897
754428	\N	1230797.72723062104	10223	720897
754429	\N	1101728.84021746507	10225	720897
754430	\N	1474862.2679093224	10227	720897
754431	\N	1675084.21691104677	10228	720897
754432	\N	1576299.77764391946	10231	720897
754433	\N	1297763.68284619064	10232	720897
754434	\N	1743398.71305950079	10233	720897
754435	\N	1999936.43758998532	10235	720897
754436	\N	1366994.52619108488	10238	720897
754437	\N	1661697.03243720951	10302	720897
754438	\N	1105716.60788686527	10303	720897
754439	\N	1272392.29213048145	10305	720897
754440	\N	1990289.17323001847	10306	720897
754441	\N	1687318.6123478692	10309	720897
754442	\N	1488478.44755070424	10310	720897
754443	\N	1725681.83179628337	10311	720897
754444	\N	1003761.336771628	10315	720897
754445	\N	1855098.32312449487	10316	720897
754446	\N	1975176.40031160275	10317	720897
754447	\N	1245349.71526215482	10319	720897
754448	\N	1006426.12679975457	10323	720897
754449	\N	1496216.89316303516	10324	720897
754450	\N	1885577.42655199207	10325	720897
754451	\N	1027771.49956534489	10326	720897
754452	\N	1022222.47071562859	10328	720897
754453	\N	1721374.99080793699	10331	720897
754454	\N	1489412.17172289803	10332	720897
754455	\N	1498837.12370024249	10333	720897
754456	\N	1228879.39277405501	10334	720897
754457	\N	1786847.75632683886	10335	720897
754458	\N	1978972.28739408636	10336	720897
754459	\N	1223178.60659344844	10401	720897
754460	\N	1487392.90980539005	10404	720897
754461	\N	1087634.32494454528	10405	720897
754462	\N	1650475.59494148055	10406	720897
754463	\N	1179827.17904577777	10409	720897
754464	\N	1405664.23246515263	10412	720897
754465	\N	1691185.43057680363	10413	720897
754466	\N	1725504.08679193445	10414	720897
754467	\N	1831942.49640753353	10415	720897
754468	\N	1604421.09880304104	10416	720897
754469	\N	1955074.45830546133	10417	720897
754470	\N	1881514.92376479763	10418	720897
754471	\N	1876264.68067643861	10421	720897
754472	\N	1444363.63288623118	10422	720897
754473	\N	1308109.78249310213	10424	720897
754474	\N	1354370.13856492098	10425	720897
754475	\N	1422197.5848856105	10426	720897
754476	\N	1720546.60404198384	10427	720897
754477	\N	1716770.3619622048	10428	720897
754478	\N	1426025.84552661865	10429	720897
754479	\N	1620939.4998318404	10430	720897
754480	\N	1733330.67654843256	10431	720897
754481	\N	1707477.56568734162	10501	720897
754482	\N	1216966.99623025255	10503	720897
754483	\N	1441835.51848105155	10505	720897
754484	\N	1704804.78459074628	10506	720897
754485	\N	1070100.73278796766	10507	720897
754486	\N	1965669.48214154597	10508	720897
754487	\N	1376133.28112704866	10509	720897
754488	\N	1725403.01893682173	10510	720897
754489	\N	1529225.44295071904	10511	720897
754490	\N	1396316.00002844026	10514	720897
754491	\N	1337581.90255398303	10515	720897
754492	\N	1287508.92790399166	10517	720897
754493	\N	1737097.26707302942	10518	720897
754494	\N	1351188.30540490476	10519	720897
754495	\N	1924821.51778340014	10520	720897
754496	\N	1991160.79171006498	10521	720897
754497	\N	1915785.88939306722	10522	720897
754498	\N	1595602.6179499838	10526	720897
754499	\N	1512268.86523481226	10527	720897
754500	\N	1191541.78081569937	10528	720897
754501	\N	1355997.65366585879	10529	720897
754502	\N	1590951.67481692182	10533	720897
754503	\N	1344211.91023644432	10534	720897
754504	\N	1198759.23849270865	10538	720897
754505	\N	1766097.43105630018	10589	720897
754506	\N	1075360.76935418136	10591	720897
754507	\N	1921084.60676091677	10594	720897
754508	\N	1137487.20346076111	10596	720897
754509	\N	1157283.28105007345	10601	720897
754510	\N	1491661.80095456983	10602	720897
754511	\N	1487400.39834325248	10605	720897
754512	\N	1727367.40875539044	10606	720897
754513	\N	1549490.34938551905	10607	720897
754514	\N	1658833.39800207363	10608	720897
754515	\N	1357581.26676675584	10609	720897
754516	\N	1054633.46719806385	10610	720897
754517	\N	1287483.25253914855	10613	720897
754518	\N	1595751.71600011783	10614	720897
754519	\N	1148926.26113664848	10615	720897
754520	\N	1871243.86647458398	10618	720897
754521	\N	1167729.04527096497	10619	720897
754522	\N	1075040.62465547584	10620	720897
754523	\N	1730222.40102945967	10625	720897
754524	\N	1079879.40840904997	10627	720897
754525	\N	1894025.50283336593	10683	720897
754526	\N	1310006.43442937126	10703	720897
754527	\N	1840007.19006087165	10704	720897
754528	\N	1841481.05944217509	10706	720897
754529	\N	1603492.48361672508	10709	720897
754530	\N	1159086.64920655894	10710	720897
754531	\N	1880251.19898448279	10712	720897
754532	\N	1176574.66867217864	10715	720897
754533	\N	1334416.81128657376	10719	720897
754534	\N	1369938.40118090762	10720	720897
754535	\N	1349235.93080189545	10721	720897
754536	\N	1022449.19415776047	10722	720897
754537	\N	1343573.90469879843	10728	720897
754538	\N	1679236.63563238783	10730	720897
754539	\N	1741660.71116163861	10733	720897
754540	\N	1455325.19593437715	10734	720897
754541	\N	1123032.46787434071	10736	720897
754542	\N	1034448.59657380462	10741	720897
754543	\N	1514519.58591143298	10742	720897
754544	\N	1189971.22492106608	10801	720897
754545	\N	1815080.8879922959	10802	720897
754546	\N	1810294.9360033907	10805	720897
754547	\N	1894047.52332989732	10806	720897
754548	\N	1528795.37874093954	10807	720897
754549	\N	1478797.18604540266	10808	720897
754550	\N	1655304.68586780829	10809	720897
754551	\N	1882042.77845707932	10810	720897
754552	\N	1648260.04792653164	10811	720897
754553	\N	1322917.24530303129	10812	720897
754554	\N	1522815.68567449041	10813	720897
754555	\N	1809129.85592862917	10814	720897
754556	\N	1482538.09990366385	10816	720897
754557	\N	1587038.23451482411	10815	720897
754558	\N	1515967.11334686354	10817	720897
754559	\N	1178036.05947026494	10820	720897
754560	\N	1492648.97998624016	10821	720897
754561	\N	1226827.92574082105	10823	720897
754562	\N	1407677.4015593566	10824	720897
754563	\N	1341711.45851844689	10826	720897
754564	\N	1293883.62718327809	10827	720897
754565	\N	1938792.35982902627	10828	720897
754566	\N	1084294.61077633756	10829	720897
754567	\N	1769130.70727040712	10830	720897
754568	\N	1455147.17147678393	10832	720897
754569	\N	1346288.08899478405	10837	720897
754570	\N	1705552.44425315503	10840	720897
754571	\N	1265872.64290777594	10887	720897
754572	\N	1780919.14145600004	10901	720897
754573	\N	1360847.38980471925	10904	720897
754574	\N	1073660.60871073091	10905	720897
754575	\N	1537081.21948054386	10906	720897
754576	\N	1039850.78726708132	10907	720897
754577	\N	1831517.73061363632	10911	720897
754578	\N	1560802.70023277029	10912	720897
754579	\N	1907169.5937203127	10914	720897
754580	\N	1413589.60387344472	10915	720897
754581	\N	1599800.12692479533	10917	720897
754582	\N	1957011.13388310978	10920	720897
754583	\N	1843636.63836226147	10921	720897
754584	\N	1905241.5530686765	10922	720897
754585	\N	1988902.97849837085	10924	720897
754586	\N	1769332.93349574227	10927	720897
754587	\N	1171623.09889382031	10931	720897
754588	\N	1568951.5911223772	10937	720897
754589	\N	1573411.51865076553	10938	720897
754590	\N	1828396.2846500841	10994	720897
754591	\N	1511342.28595667891	11001	720897
754592	\N	1700403.61272424459	11002	720897
754593	\N	1799105.43685973226	11003	720897
754594	\N	1539932.81268961402	11004	720897
754595	\N	1522278.33806432178	11005	720897
754596	\N	1062611.1206684811	11006	720897
754597	\N	1652540.31885402789	11008	720897
754598	\N	1756505.66655789455	11010	720897
754599	\N	1996052.59517388372	11013	720897
754600	\N	1812190.21191944368	11014	720897
754601	\N	1116140.77880426543	11017	720897
754602	\N	1038638.98113653297	11019	720897
754603	\N	1704116.44664304727	11020	720897
754604	\N	1038376.92372729187	11022	720897
754605	\N	1586936.90532837855	11024	720897
754606	\N	1024739.84275052266	11025	720897
754607	\N	1176936.96349487314	11027	720897
754608	\N	1730371.25069139246	11077	720897
754609	\N	1785707.6583275476	11092	720897
754610	\N	1735648.42167396913	11099	720897
754611	\N	1268099.57549658301	11101	720897
754612	\N	1548160.21019820869	11103	720897
754613	\N	1938177.90879251761	11104	720897
754614	\N	1902348.45695687085	11107	720897
754615	\N	1439759.24837316666	11108	720897
754616	\N	1987793.10846019676	11109	720897
754617	\N	1171048.71657307958	11110	720897
754618	\N	1824314.20804491383	11111	720897
754619	\N	1195130.38010441279	11113	720897
754620	\N	1404152.21194137563	11115	720897
754621	\N	1133023.40030134097	11116	720897
754622	\N	1841166.59949019249	11117	720897
754623	\N	1979212.5553286653	11118	720897
754624	\N	1882581.91061667679	11120	720897
754625	\N	1824624.17944074748	11124	720897
754626	\N	1231755.30454034591	11126	720897
754627	\N	1170707.47283978551	11127	720897
754628	\N	1135311.01801992557	11129	720897
754629	\N	1500477.65755321737	11133	720897
754630	\N	1242480.49867990706	11139	720897
754631	\N	1496090.54131794698	11144	720897
754632	\N	1439421.45412820857	11158	720897
754633	\N	1293879.91826087772	11188	720897
754634	\N	1990611.06604308053	11199	720897
754635	\N	1311057.64558823383	11201	720897
754636	\N	1130188.51890080119	11203	720897
754637	\N	1905834.65351502481	11205	720897
754638	\N	1188553.9517067913	11206	720897
754639	\N	1715076.20637074532	11207	720897
754640	\N	1316937.10275685648	11209	720897
754641	\N	1299390.96980669023	11210	720897
754642	\N	1991472.21193449642	11213	720897
754643	\N	1391526.71672463603	11214	720897
754644	\N	1298129.02539071091	11217	720897
754645	\N	1844989.89134916058	11218	720897
754646	\N	1783346.55490993895	11220	720897
754647	\N	1398929.71645176178	11222	720897
754648	\N	1618217.01091274386	11223	720897
754649	\N	1773661.78386415308	11225	720897
754650	\N	1385519.24638821883	11226	720897
754651	\N	1878009.68300328078	11227	720897
754652	\N	1830870.78908236139	11228	720897
754653	\N	1112299.42359050084	11230	720897
754654	\N	1996955.11028357456	11244	720897
754655	\N	1784856.49130788073	11284	720897
754656	\N	1811501.63655954972	11302	720897
754657	\N	1498864.42560003698	11308	720897
754658	\N	1156899.67382916203	11309	720897
754659	\N	1312201.81431498984	11313	720897
754660	\N	1896581.40149166621	11316	720897
754661	\N	1405267.52309533465	11317	720897
754662	\N	1158309.46939779539	11318	720897
754663	\N	1618836.46696058824	11319	720897
754664	\N	1218072.98415146768	11320	720897
754665	\N	1331796.02329891291	11322	720897
754666	\N	1634375.25775349257	11323	720897
754667	\N	1851451.722043043	11329	720897
754668	\N	1348358.79784996621	11330	720897
754669	\N	1479344.31309681898	11331	720897
754670	\N	1490653.96049332432	11333	720897
754671	\N	1213696.31049604714	11394	720897
754672	\N	1774374.99250392942	11395	720897
754673	\N	1254336.78556744382	11401	720897
754674	\N	1961770.42581875226	11402	720897
754675	\N	1013997.76330048055	11404	720897
754676	\N	1779228.62666512211	11405	720897
754677	\N	1716114.36940356763	11406	720897
754678	\N	1334345.72703957232	11407	720897
754679	\N	1206705.35525159654	11408	720897
754680	\N	1025395.87527807755	11409	720897
754681	\N	1737689.64760871325	11410	720897
754682	\N	1796753.38977467362	11411	720897
754683	\N	1930368.99804504309	11413	720897
754684	\N	1505669.4949486861	11417	720897
754685	\N	1218157.72873578989	11418	720897
754686	\N	1951501.25016596587	11420	720897
754687	\N	1942476.86268777307	11421	720897
754688	\N	1556344.01524580712	11425	720897
754689	\N	1158682.96752248844	11426	720897
754690	\N	1757480.80747244181	11427	720897
754691	\N	1651731.91979329125	11428	720897
754692	\N	1311697.40901654959	11429	720897
754693	\N	1793864.63661055779	11501	720897
754694	\N	1057022.21189248655	11502	720897
754695	\N	1656955.58021030482	11505	720897
754696	\N	1319648.68940193579	11506	720897
754697	\N	1256417.39928938611	11507	720897
754698	\N	1386637.7119851259	11508	720897
754699	\N	1315964.28868887364	11509	720897
754700	\N	1035540.43647253641	11511	720897
754701	\N	1445484.93977939337	11512	720897
754702	\N	1470532.05352575774	11514	720897
754703	\N	1888273.04476897512	11515	720897
754704	\N	1564316.56298865145	11520	720897
754705	\N	1867538.41554890573	11521	720897
754706	\N	1652403.48292297591	11522	720897
754707	\N	1222237.16098661791	11524	720897
754708	\N	1330934.91673292406	11527	720897
754709	\N	1223693.79190588463	11529	720897
754710	\N	1533754.34889372857	11532	720897
754711	\N	1790251.84736697259	11534	720897
754712	\N	1324675.47536795516	11544	720897
754713	\N	1428415.2864543288	11602	720897
754714	\N	1255875.51792107592	11603	720897
754715	\N	1114886.64487308683	11604	720897
754716	\N	1185074.6405821282	11605	720897
754717	\N	1561954.5700359405	11606	720897
754718	\N	1187864.44364283723	11607	720897
754719	\N	1274339.97303149151	11608	720897
754720	\N	1675536.73147873022	11609	720897
754721	\N	1982508.41239754553	11610	720897
754722	\N	1264481.55074640829	11611	720897
754723	\N	1227356.26061843755	11613	720897
754724	\N	1025244.02064373193	11614	720897
754725	\N	1453960.52898735856	11617	720897
754726	\N	1855345.35361082968	11620	720897
754727	\N	1155756.64744604286	11621	720897
754728	\N	1210806.96732874075	11622	720897
754729	\N	1681205.49651184003	11623	720897
754730	\N	1840911.98342917324	11625	720897
754731	\N	1886991.45733196917	11627	720897
754732	\N	1496166.57639954565	11630	720897
754733	\N	1087436.23277235078	11637	720897
754734	\N	1520879.44055434526	11640	720897
754735	\N	1729630.82714697951	11667	720897
754736	\N	1452581.15343547729	11680	720897
754737	\N	1016408.56650440721	11688	720897
754738	\N	1087103.6482519987	10102	720898
754739	\N	1731467.4846911612	10103	720898
754740	\N	1240100.09091700637	10105	720898
754741	\N	1797580.13371751015	10106	720898
754742	\N	1655806.83589270338	10107	720898
754743	\N	1452913.63782482198	10108	720898
754744	\N	1147747.60350047448	10109	720898
754745	\N	1273152.47328766156	10112	720898
754746	\N	1272805.88271414489	10113	720898
754747	\N	1837631.64292536397	10114	720898
754748	\N	1261709.47234496102	10115	720898
754749	\N	1453429.46505472856	10117	720898
754750	\N	1880682.13819757989	10118	720898
754751	\N	1657845.93488579756	10119	720898
754752	\N	1659136.6043850861	10120	720898
754753	\N	1940536.51088265982	10121	720898
754754	\N	1968260.53447001195	10122	720898
754755	\N	1313541.53410704248	10124	720898
754756	\N	1709748.84870149102	10125	720898
754757	\N	1640428.92940625921	10127	720898
754758	\N	1510460.48174988059	10128	720898
754759	\N	1472762.37277056114	10132	720898
754760	\N	1908243.66133221355	10133	720898
754761	\N	1069250.23954911903	10134	720898
754762	\N	1850526.86131544784	10135	720898
754763	\N	1154480.19647069881	10137	720898
754764	\N	1157583.80235395906	10177	720898
754765	\N	1252483.89445202239	10184	720898
754766	\N	1376844.18151853513	10191	720898
754767	\N	1376013.04542680364	10193	720898
754768	\N	1576558.77333629108	10201	720898
754769	\N	1813974.82133922167	10202	720898
754770	\N	1202982.81656128867	10204	720898
754771	\N	1413729.64795482741	10205	720898
754772	\N	1714585.42917712405	10206	720898
754773	\N	1356780.15189704625	10208	720898
754774	\N	1572321.28285051393	10210	720898
754775	\N	1058784.22599374689	10211	720898
754776	\N	1522532.81456241547	10213	720898
754777	\N	1648941.06178840017	10214	720898
754778	\N	1377533.73702169466	10215	720898
754779	\N	1988883.95165502978	10216	720898
754780	\N	1550427.04683311726	10217	720898
754781	\N	1444650.63065218064	10218	720898
754782	\N	1010427.42239247123	10219	720898
754783	\N	1522598.99242374906	10220	720898
754784	\N	1621212.44416750362	10221	720898
754785	\N	1994925.38498390326	10222	720898
754786	\N	1739059.94630845869	10223	720898
754787	\N	1574482.99410751322	10225	720898
754788	\N	1664314.96148764854	10227	720898
754789	\N	1431770.99368610722	10228	720898
754790	\N	1946761.75483860844	10231	720898
754791	\N	1587279.63217746885	10232	720898
754792	\N	1483574.76198539464	10233	720898
754793	\N	1245965.25609930442	10235	720898
754794	\N	1861634.16399897728	10238	720898
754795	\N	1581748.55847767857	10302	720898
754796	\N	1981184.79540906567	10303	720898
754797	\N	1020964.94904603099	10305	720898
754798	\N	1855288.88101638458	10306	720898
754799	\N	1235152.39665097557	10309	720898
754800	\N	1762592.76735033281	10310	720898
754801	\N	1434074.76454569423	10311	720898
754802	\N	1996040.41963357432	10315	720898
754803	\N	1076203.32477947744	10316	720898
754804	\N	1106894.04715715791	10317	720898
754805	\N	1290900.77982199145	10319	720898
754806	\N	1304457.46484944271	10323	720898
754807	\N	1467276.4761195113	10324	720898
754808	\N	1003063.24830268032	10325	720898
754809	\N	1020242.32141196996	10326	720898
754810	\N	1078125.38446161314	10328	720898
754811	\N	1033954.78898217517	10331	720898
754812	\N	1324442.93070071004	10332	720898
754813	\N	1623960.18432249594	10333	720898
754814	\N	1727666.93081699265	10334	720898
754815	\N	1597477.8478126768	10335	720898
754816	\N	1242227.88277981384	10336	720898
754817	\N	1549990.96827812772	10401	720898
754818	\N	1797513.3803078332	10404	720898
754819	\N	1467424.78528426634	10405	720898
754820	\N	1663253.77028992772	10406	720898
754821	\N	1336560.67046608916	10409	720898
754822	\N	1232613.89057392254	10412	720898
754823	\N	1159969.83065284742	10413	720898
754824	\N	1818219.27589360019	10414	720898
754825	\N	1161783.27342571411	10415	720898
754826	\N	1496216.50746956188	10416	720898
754827	\N	1221306.02971647191	10417	720898
754828	\N	1123541.25819306076	10418	720898
754829	\N	1625212.97563617863	10421	720898
754830	\N	1844048.69942365214	10422	720898
754831	\N	1856341.14083262254	10424	720898
754832	\N	1093362.7521503123	10425	720898
754833	\N	1186551.42428804724	10426	720898
754834	\N	1916671.17336798459	10427	720898
754835	\N	1489527.15166452597	10428	720898
754836	\N	1387803.79996927921	10429	720898
754837	\N	1691594.36112295091	10430	720898
754838	\N	1824474.43950851634	10431	720898
754839	\N	1217692.91668466129	10501	720898
754840	\N	1049365.51495566661	10503	720898
754841	\N	1326634.2760975319	10505	720898
754842	\N	1068731.78586129425	10506	720898
754843	\N	1354007.02797665633	10507	720898
754844	\N	1601468.15752958227	10508	720898
754845	\N	1159919.55787351029	10509	720898
754846	\N	1967318.70805795304	10510	720898
754847	\N	1907705.94660396548	10511	720898
754848	\N	1961424.19342652243	10514	720898
754849	\N	1152402.21144183702	10515	720898
754850	\N	1735153.58584688604	10517	720898
754851	\N	1895980.16191794677	10518	720898
754852	\N	1054717.77111998922	10519	720898
754853	\N	1149890.07111303834	10520	720898
754854	\N	1007109.85935876472	10521	720898
754855	\N	1842419.24810099974	10522	720898
754856	\N	1608282.0684769596	10526	720898
754857	\N	1904851.4440263845	10527	720898
754858	\N	1385095.2414994	10528	720898
754859	\N	1680673.89928474231	10529	720898
754860	\N	1847536.69480730826	10533	720898
754861	\N	1618503.53860171908	10534	720898
754862	\N	1541188.95050566411	10538	720898
754863	\N	1552501.49251602637	10589	720898
754864	\N	1725267.30367407622	10591	720898
754865	\N	1842448.53939854074	10594	720898
754866	\N	1515172.87329796655	10596	720898
754867	\N	1666119.14198490139	10601	720898
754868	\N	1869999.98108714819	10602	720898
754869	\N	1834003.99165126402	10605	720898
754870	\N	1107488.60001211497	10606	720898
754871	\N	1463796.11799924215	10607	720898
754872	\N	1657343.3908748359	10608	720898
754873	\N	1620506.97219546675	10609	720898
754874	\N	1687596.54197138874	10610	720898
754875	\N	1836875.40355111985	10613	720898
754876	\N	1679841.90530208778	10614	720898
754877	\N	1095254.72111635958	10615	720898
754878	\N	1312909.89758096891	10618	720898
754879	\N	1021921.79665044928	10619	720898
754880	\N	1419203.00947944168	10620	720898
754881	\N	1441376.45541812014	10625	720898
754882	\N	1784920.38422688213	10627	720898
754883	\N	1113451.88924486958	10683	720898
754884	\N	1109333.29017275921	10703	720898
754885	\N	1059814.63473777194	10704	720898
754886	\N	1156828.7901817502	10706	720898
754887	\N	1836709.26978619932	10709	720898
754888	\N	1619436.59126894991	10710	720898
754889	\N	1963726.54091839492	10712	720898
754890	\N	1250938.09149277722	10715	720898
754891	\N	1338205.45266876183	10719	720898
754892	\N	1683499.22427221527	10720	720898
754893	\N	1293999.39827050362	10721	720898
754894	\N	1944263.06038234243	10722	720898
754895	\N	1272255.85214969516	10728	720898
754896	\N	1955806.88652014174	10730	720898
754897	\N	1209205.85990124638	10733	720898
754898	\N	1337254.26834029355	10734	720898
754899	\N	1388496.88057687646	10736	720898
754900	\N	1181708.23358065798	10741	720898
754901	\N	1908208.82046843995	10742	720898
754902	\N	1433231.22522438597	10801	720898
754903	\N	1158378.8798017092	10802	720898
754904	\N	1238660.74140899163	10805	720898
754905	\N	1954757.83952711569	10806	720898
754906	\N	1625063.537178142	10807	720898
754907	\N	1717886.85698976694	10808	720898
754908	\N	1924664.40111657511	10809	720898
754909	\N	1390801.60299552535	10810	720898
754910	\N	1110834.62805233058	10811	720898
754911	\N	1549249.30565025657	10812	720898
754912	\N	1149509.27063703374	10813	720898
754913	\N	1348874.68909958797	10814	720898
754914	\N	1341668.41017280798	10816	720898
754915	\N	1876152.55911478586	10815	720898
754916	\N	1618833.456528462	10817	720898
754917	\N	1003798.56515762361	10820	720898
754918	\N	1742593.71630932344	10821	720898
754919	\N	1704986.72480785986	10823	720898
754920	\N	1191807.76195183466	10824	720898
754921	\N	1740070.43976954208	10826	720898
754922	\N	1241267.13188659353	10827	720898
754923	\N	1808906.3628383046	10828	720898
754924	\N	1840334.38279723516	10829	720898
754925	\N	1353695.9041093511	10830	720898
754926	\N	1589570.35140458634	10832	720898
754927	\N	1721997.17529517878	10837	720898
754928	\N	1540966.59335342795	10840	720898
754929	\N	1955854.48106343485	10887	720898
754930	\N	1069542.78925775574	10901	720898
754931	\N	1987597.99027008982	10904	720898
754932	\N	1490327.33096551895	10905	720898
754933	\N	1000669.4439678496	10906	720898
754934	\N	1937806.55506959511	10907	720898
754935	\N	1487834.67590487166	10911	720898
754936	\N	1750624.26868991181	10912	720898
754937	\N	1520486.92205936112	10914	720898
754938	\N	1881584.89986540284	10915	720898
754939	\N	1670680.89910357213	10917	720898
754940	\N	1803929.69551771646	10920	720898
754941	\N	1219451.27802559454	10921	720898
754942	\N	1834611.81397919171	10922	720898
754943	\N	1886368.06281130295	10924	720898
754944	\N	1522213.96419278299	10927	720898
754945	\N	1549796.95974821039	10931	720898
754946	\N	1732674.88686218881	10937	720898
754947	\N	1846724.81996697141	10938	720898
754948	\N	1744690.91035904549	10994	720898
754949	\N	1275160.09277032898	11001	720898
754950	\N	1176229.42901133583	11002	720898
754951	\N	1429034.3028068	11003	720898
754952	\N	1994854.7885127496	11004	720898
754953	\N	1311345.26202859986	11005	720898
754954	\N	1511466.50995643949	11006	720898
754955	\N	1660255.05526450975	11008	720898
754956	\N	1866657.91487500118	11010	720898
754957	\N	1827366.2575292564	11013	720898
754958	\N	1541413.78505246341	11014	720898
754959	\N	1737959.30085768737	11017	720898
754960	\N	1262598.97744324082	11019	720898
754961	\N	1688212.15136992885	11020	720898
754962	\N	1935092.47456223657	11022	720898
754963	\N	1371100.30412163725	11024	720898
754964	\N	1976061.99158045719	11025	720898
754965	\N	1325673.05040196888	11027	720898
754966	\N	1415449.39280060446	11077	720898
754967	\N	1556727.89395086607	11092	720898
754968	\N	1076066.30784875574	11099	720898
754969	\N	1034692.30601959291	11101	720898
754970	\N	1975728.77278682915	11103	720898
754971	\N	1148029.85790149821	11104	720898
754972	\N	1174658.48525560624	11107	720898
754973	\N	1510095.35016840254	11108	720898
754974	\N	1699142.98987736972	11109	720898
754975	\N	1214583.68384571699	11110	720898
754976	\N	1935496.89983118651	11111	720898
754977	\N	1162177.54872186482	11113	720898
754978	\N	1238147.55369080929	11115	720898
754979	\N	1247461.75954321749	11116	720898
754980	\N	1116750.61916802148	11117	720898
754981	\N	1379516.76995552657	11118	720898
754982	\N	1647320.24560494302	11120	720898
754983	\N	1719840.64657125156	11124	720898
754984	\N	1032253.89281694614	11126	720898
754985	\N	1443508.79000176885	11127	720898
754986	\N	1057790.23295260896	11129	720898
754987	\N	1378022.838244454	11133	720898
754988	\N	1561928.67240887694	11139	720898
754989	\N	1241506.77841589134	11144	720898
754990	\N	1631357.91717494372	11158	720898
754991	\N	1908287.193635036	11188	720898
754992	\N	1745806.88892655377	11199	720898
754993	\N	1274078.59912390984	11201	720898
754994	\N	1338891.66172449803	11203	720898
754995	\N	1301742.22018938325	11205	720898
754996	\N	1555555.65198621596	11206	720898
754997	\N	1706778.91086161812	11207	720898
754998	\N	1370283.00901587075	11209	720898
754999	\N	1322364.1384960697	11210	720898
755000	\N	1653227.73126588902	11213	720898
755001	\N	1377965.32821854809	11214	720898
755002	\N	1402187.04245990049	11217	720898
755003	\N	1972659.21939397464	11218	720898
755004	\N	1819030.90996783017	11220	720898
755005	\N	1741571.28083082382	11222	720898
755006	\N	1524970.08855979424	11223	720898
755007	\N	1746898.07028259034	11225	720898
755008	\N	1258229.63716064161	11226	720898
755009	\N	1697380.41914707655	11227	720898
755010	\N	1361732.35934514506	11228	720898
755011	\N	1763627.21682030661	11230	720898
755012	\N	1181862.71265676199	11244	720898
755013	\N	1141230.84470735257	11284	720898
755014	\N	1799967.85572960111	11302	720898
755015	\N	1577170.92520531826	11308	720898
755016	\N	1896781.23162142606	11309	720898
755017	\N	1853709.7962474504	11313	720898
755018	\N	1800370.07817068929	11316	720898
755019	\N	1582094.43928236747	11317	720898
755020	\N	1137581.29404838034	11318	720898
755021	\N	1038282.35419932916	11319	720898
755022	\N	1947486.51422822196	11320	720898
755023	\N	1445107.27999884519	11322	720898
755024	\N	1526326.22538960585	11323	720898
755025	\N	1418430.80316836876	11329	720898
755026	\N	1763370.90562667605	11330	720898
755027	\N	1925643.0600305663	11331	720898
755028	\N	1855523.31859565806	11333	720898
755029	\N	1308263.54615494749	11394	720898
755030	\N	1318077.00469824322	11395	720898
755031	\N	1779360.6123271049	11401	720898
755032	\N	1355640.6330285822	11402	720898
755033	\N	1482185.93711005128	11404	720898
755034	\N	1339783.28090147744	11405	720898
755035	\N	1178067.94231933798	11406	720898
755036	\N	1230519.38238914544	11407	720898
755037	\N	1986607.64608204504	11408	720898
755038	\N	1852533.28275488946	11409	720898
755039	\N	1225079.80661646929	11410	720898
755040	\N	1522358.19345420902	11411	720898
755041	\N	1260294.42889847187	11413	720898
755042	\N	1351021.3523151814	11417	720898
755043	\N	1696776.08276661718	11418	720898
755044	\N	1802515.32131608017	11420	720898
755045	\N	1059854.53368419944	11421	720898
755046	\N	1659549.14154502936	11425	720898
755047	\N	1099136.93418556405	11426	720898
755048	\N	1275195.62759876554	11427	720898
755049	\N	1722983.22768469853	11428	720898
755050	\N	1916223.3279335103	11429	720898
755051	\N	1492288.15776594938	11501	720898
755052	\N	1628159.15647079935	11502	720898
755053	\N	1244471.63932931749	11505	720898
755054	\N	1573660.56066951528	11506	720898
755055	\N	1306597.78730103211	11507	720898
755056	\N	1367908.83518640534	11508	720898
755057	\N	1488618.35673981532	11509	720898
755058	\N	1913910.72192613129	11511	720898
755059	\N	1550623.37132104812	11512	720898
755060	\N	1436384.43793031527	11514	720898
755061	\N	1616566.18053377303	11515	720898
755062	\N	1338004.96936280187	11520	720898
755063	\N	1394216.33758936636	11521	720898
755064	\N	1622011.28533490049	11522	720898
755065	\N	1468217.99797140108	11524	720898
755066	\N	1609480.45267007104	11527	720898
755067	\N	1099348.77659556619	11529	720898
755068	\N	1650021.39248413034	11532	720898
755069	\N	1205769.50190425827	11534	720898
755070	\N	1306428.74104327941	11544	720898
755071	\N	1666734.38236720022	11602	720898
755072	\N	1865285.85942379432	11603	720898
755073	\N	1999528.71121629141	11604	720898
755074	\N	1968060.48572555184	11605	720898
755075	\N	1368074.57502169395	11606	720898
755076	\N	1105467.29953381768	11607	720898
755077	\N	1916575.28408260201	11608	720898
755078	\N	1809473.9569509807	11609	720898
755079	\N	1541767.54186960123	11610	720898
755080	\N	1703121.40839436278	11611	720898
755081	\N	1458945.70635134703	11613	720898
755082	\N	1422260.59770534839	11614	720898
755083	\N	1644176.22998422896	11617	720898
755084	\N	1552447.09096951876	11620	720898
755085	\N	1390412.3776851343	11621	720898
755086	\N	1578775.92734944937	11622	720898
755087	\N	1569059.1168079148	11623	720898
755088	\N	1829705.21586626722	11625	720898
755089	\N	1589558.73073914926	11627	720898
755090	\N	1114349.39374923427	11630	720898
755091	\N	1674525.12989172526	11637	720898
755092	\N	1265895.53218365368	11640	720898
755093	\N	1671733.88622082002	11667	720898
755094	\N	1874402.45585436653	11680	720898
755095	\N	1789882.55945476703	11688	720898
\.


--
-- Data for Name: dreamworld__virtualteam; Type: TABLE DATA; Schema: public; Owner: dlu
--

COPY dreamworld__virtualteam (id, formation, player_id, virtual_league_id) FROM stdin;
393216	4-4-2	1	294912
589824	4-4-2	1	491520
819200	4-4-2	1	720896
819201	4-4-2	1	720896
819202	4-4-2	884736	720896
819203	4-4-2	884736	720897
819204	4-4-2	884737	720897
819205	4-4-2	884737	720896
819206	4-4-2	884737	720898
\.


--
-- Data for Name: dreamworld__virtualteam__athlete; Type: TABLE DATA; Schema: public; Owner: dlu
--

COPY dreamworld__virtualteam__athlete (id, virtual_athlete_id, virtual_team_id) FROM stdin;
425984	327680	393216
425985	327681	393216
425986	327683	393216
425988	327684	393216
425989	327682	393216
425990	327691	393216
425991	327690	393216
425992	327728	393216
425993	327727	393216
425994	327697	393216
425995	327694	393216
851968	753666	819201
851969	753665	819201
851970	753664	819201
851971	753669	819201
851972	753673	819201
851973	753672	819201
851974	753676	819201
851975	753677	819201
851976	753679	819201
851977	753680	819201
851978	753671	819201
851979	753665	819200
851980	753667	819200
851981	753666	819200
851982	753668	819200
851983	753669	819200
851984	753670	819200
851985	753671	819200
851986	753673	819200
851987	753674	819200
851988	753666	819202
851989	753665	819202
851990	753664	819202
851991	753669	819202
851992	753670	819202
851993	753672	819202
851994	753675	819202
851995	753677	819202
851996	753668	819202
851997	753667	819202
851998	753671	819202
851999	754676	819203
852000	754677	819203
852001	754678	819203
852002	754675	819203
852003	754674	819203
852004	754673	819203
852005	754684	819203
852006	754683	819203
852008	754682	819203
852009	754692	819203
852010	754686	819203
852011	754383	819204
852012	754385	819204
852013	754382	819204
852014	754381	819204
852015	754517	819204
852018	754522	819204
852019	754516	819204
852021	754521	819204
852022	754520	819204
852023	754515	819204
852024	754509	819204
852025	753664	819205
852026	753982	819205
852027	753981	819205
852028	753980	819205
852029	753979	819205
852030	753978	819205
852031	753977	819205
852032	753988	819205
852033	753987	819205
852034	754352	819205
852035	754351	819205
852036	754740	819206
852037	754739	819206
852038	754738	819206
852039	755037	819206
852040	755038	819206
852041	755039	819206
852042	755036	819206
852043	755035	819206
852044	755031	819206
852045	755043	819206
852046	755044	819206
\.


--
-- Data for Name: finance__operation; Type: TABLE DATA; Schema: public; Owner: dlu
--

COPY finance__operation (id, comments, date, exchangerate, orginalcurrency, orginalvalue, "position", relatedclass, relatedid, status, value, player_id) FROM stdin;
98304	\N	2013-08-28 14:38:28.497	\N	\N	\N	\N	\N	\N	0	20	1
360448	\N	2013-08-28 15:26:26.919	\N	\N	\N	\N	\N	\N	-1	-5	1
557056	\N	2013-08-28 16:08:14.23	\N	\N	\N	\N	\N	\N	-1	-1	1
622592	Prize 1 in league 294912	2013-08-28 16:20:14.207	\N	\N	\N	\N	VirtualLeague	294912	0	5	1
688128	Prize 1 in league 491520	2013-08-28 16:22:13.602	\N	\N	\N	\N	VirtualLeague	491520	0	1	1
786432	\N	2013-08-28 16:28:39.915	\N	\N	\N	\N	\N	\N	-1	-5	1
786433	\N	2013-08-28 16:28:58.125	\N	\N	\N	\N	\N	\N	-1	-4	1
786434	\N	2013-08-28 16:30:38.01	\N	\N	\N	\N	\N	\N	0	100	884736
786435	\N	2013-08-28 16:30:49.531	\N	\N	\N	\N	\N	\N	-1	-4	884736
786436	\N	2013-08-28 16:31:32.629	\N	\N	\N	\N	\N	\N	-1	-3	884736
786437	\N	2013-08-28 16:34:08.177	\N	\N	\N	\N	\N	\N	0	50	884737
786438	\N	2013-08-28 16:34:15.117	\N	\N	\N	\N	\N	\N	-1	-3	884737
786439	\N	2013-08-28 16:34:57.164	\N	\N	\N	\N	\N	\N	-1	-4	884737
786440	\N	2013-08-28 16:35:30.253	\N	\N	\N	\N	\N	\N	-1	-20	884737
\.


--
-- Data for Name: hibernate_unique_key; Type: TABLE DATA; Schema: public; Owner: dlu
--

COPY hibernate_unique_key (next_hi) FROM stdin;
28
\.


--
-- Data for Name: realworld__athlete; Type: TABLE DATA; Schema: public; Owner: dlu
--

COPY realworld__athlete (id, first_name, last_name, "position", shirtnr, team_id) FROM stdin;
10102	Dosa	Júnior	D	2	1
10103	Tomasz	Jodłowiec	D	3	1
10105	Janusz	Gol	M	5	1
10106	Hélio	Pinto	M	6	1
10107	Henrik	Ojamaa	M	7	1
10108	Marko	Šuler	D	8	1
10109	Marek	Saganowski	S	9	1
10112	Dušan	Kuciak	G	12	1
10113	Wladimer	Dwaliszwili	S	13	1
10114	Jakub	Wawrzyniak	D	14	1
10115	Iñaki	Astiz	D	15	1
10117	Tomasz	Brzyski	D	17	1
10118	Michał	Kucharczyk	S	18	1
10119	Bartosz	Bereszyński	M	19	1
10120	Jakub	Kosecki	S	20	1
10121	Ivica	Vrdoljak	M	21	1
10122	Michał	Kopczyński	M	22	1
10124	Michał	Efir	S	24	1
10125	Jakub	Rzeźniczak	D	25	1
10127	Patryk	Mikita	M	27	1
10128	Łukasz	Broź	D	28	1
10132	Miroslav	Radović	M	32	1
10133	Michał	Żyro	M	33	1
10134	Mateusz	Cichocki	D	34	1
10135	Daniel	Łukasik	M	35	1
10137	Dominik	Furman	M	37	1
10177	Raphael	Augusto	M	77	1
10184	Wojciech	Skaba	G	84	1
10191	Aleksander	Wandzel	G	91	1
10193	Mateusz	Długołęcki	D	93	1
10201	Jasmin	Burić	G	1	2
10202	Barry	Douglas	D	2	2
10204	Tomasz	Kędziora	D	4	2
10205	Manuel	Arboleda	D	5	2
10206	Łukasz	Trałka	M	6	2
10208	Szymon	Pawłowski	M	8	2
10210	Łukasz	Teodorczyk	S	10	2
10211	Gergő	Lovrencsics	M	11	2
10213	Patryk	Wolski	S	13	2
10214	Vojo	Ubiparip	S	14	2
10215	Kamil	Drygas	M	15	2
10216	Rafał	Murawski	M	16	2
10217	Szymon	Drewniak	M	17	2
10218	Bartosz	Ślusarski	S	18	2
10219	Kasper	Hämäläinen	M	19	2
10220	Hubert	Wołąkiewicz	D	20	2
10221	Kebba	Ceesay	D	21	2
10222	Maciej	Gostomski	G	22	2
10223	Karol	Linetty	M	23	2
10225	Luis	Henríquez	D	25	2
10227	Krzysztof	Kotorowski	G	27	2
10228	Dariusz	Formella	M	28	2
10231	Przemysław	Frąckowiak	G	31	2
10232	Mateusz	Możdżeń	M	32	2
10233	Jakub	Miszczuk	G	33	2
10235	Marcin	Kamiński	D	35	2
10238	Błażej	Cyfert	D	38	2
10302	Krzysztof	Ostrowski	M	2	3
10303	Adam	Kokoszka	D	3	3
10305	Waldemar	Sobota	M	5	3
10306	Kamil	Dankowski	M	6	3
10309	Sylwester	Patejuk	M	9	3
10310	Mateusz	Cetnarski	M	10	3
10311	Sebastian	Mila	M	11	3
10315	Rafał	Grodzicki	D	15	3
10316	Dalibor	Stevanovič	M	16	3
10317	Mariusz	Pawelec	D	17	3
10319	Mateusz	Fedyna	M	19	3
10323	Jakub	Więzik	S	23	3
10324	Tadeusz	Socha	D	24	3
10325	Marián	Kelemen	G	25	3
10326	Przemysław	Kaźmierczak	M	26	3
10328	Marek	Wasiluk	D	28	3
10331	Robert	Menzel	M	31	3
10332	Dariusz	Góral	S	32	3
10333	Rafał	Gikiewicz	G	33	3
10334	Marcin	Przybylski	S	34	3
10335	Stefan	Vuković	S	35	3
10336	Kamil	Juraszek	D	36	3
10401	Jakub	Szmatuła	G	1	4
10404	Mateusz	Matras	D	4	4
10405	Jan	Polák	D	5	4
10406	Mariusz	Zganiacz	M	6	4
10409	Radosław	Murawski	M	9	4
10412	Dariusz	Trela	G	12	4
10413	Tomáš	Dočekal	S	13	4
10414	Adrian	Klepczyński	D	14	4
10415	Łukasz	Krzycki	D	15	4
10416	Pavol	Cicman	M	16	4
10417	Tomasz	Podgórski	M	17	4
10418	Matej	Ižvolt	M	18	4
10421	Wojciech	Lisowski	D	21	4
10422	Rubén	Jurado	S	22	4
10424	Wojciech	Kędziora	S	24	4
10425	Damian	Zbozień	D	25	4
10426	Bartosz	Szeliga	M	26	4
10427	Artis	Lazdiņš	M	27	4
10428	Kornel	Osyra	D	28	4
10429	Jakub	Szumski	G	29	4
10430	Marcin	Robak	S	30	4
10431	Paweł	Lisowski	M	31	4
10501	Pāvels	Šteinbors	G	1	5
10503	Antoni	Łukasiewicz	D	3	5
10505	Ołeksandr	Szeweluchin	D	5	5
10506	Radosław	Sobolewski	M	6	5
10507	Sergei	Mošnikov	M	7	5
10508	Przemysław	Oziębała	S	8	5
10509	Szymon	Skrzypczak	S	9	5
10510	Konrad	Nowak	M	10	5
10511	Marcin	Wodecki	M	11	5
10514	Préjuce	Nakoulma	S	14	5
10515	Maciej	Małkowski	M	15	5
10517	Paweł	Olkowski	D	17	5
10518	Łukasz	Madej	M	18	5
10519	Mariusz	Przybylski	M	19	5
10520	Mateusz	Zachara	S	20	5
10521	Mariusz	Magiera	D	21	5
10522	Seweryn	Gancarczyk	D	22	5
10526	Adam	Danch (kapitan)	D	26	5
10527	Daniel	Barbus	S	27	5
10528	Łukasz	Skorupski	G	28	5
10529	Krzysztof	Mączyński	M	29	5
10533	Norbert	Witkowski	G	33	5
10534	Michał	Płonka	D	34	5
10538	Bartosz	Iwan	M	38	5
10589	Wojciech	Łuczak	S	89	5
10591	Mateusz	Słodowy	D	91	5
10594	Kamil	Cupriak	S	94	5
10596	Mateusz	Kuchta	G	96	5
10601	Andrzej	Witan	G	1	6
10602	Piotr	Petasz	D	2	6
10605	Paweł	Zieliński	D	5	6
10606	Michał	Masłowski	M	6	6
10607		Hermes	M	7	6
10608	Tomasz	Stachewicz	S	8	6
10609	Jakub	Wójcicki	M	9	6
10610	Paweł	Abbott	S	10	6
10613	Łukasz	Skrzyński	D	13	6
10614	Sebastian	Ziajka	M	14	6
10615	Paweł	Strąk	M	15	6
10618	Damian	Ciechanowski	D	18	6
10619	Wahan	Geworgian	M	19	6
10620	Rafał	Leśniewski	S	20	6
10625	Mateusz	Mąka	M	25	6
10627	Łukasz	Nawotczyński	D	27	6
10683	Wojciech	Kaczmarek	G	83	6
10703	Gordan	Bunoza	D	3	7
10704	Osman	Chávez	D	4	7
10706	Arkadiusz	Głowacki	D	6	7
10709	Rafał	Boguski	S	9	7
10710	Łukasz	Garguła	M	10	7
10712	Michał	Miśkiewicz	G	12	7
10715	Emmanuel	Sarki	M	15	7
10719	Patryk	Małecki	M	19	7
10720	Michał	Chrapek	M	20	7
10721	Łukasz	Burliga	D	21	7
10722	Marko	Jovanović	D	22	7
10728	Cezary	Wilk	M	28	7
10730	Gerard	Bieszczad	G	30	7
10733	Michał	Czekaj	D	33	7
10734	Alan	Uryga	M	34	7
10736	Jan	Kocoń	G	36	7
10741	Paweł	Stolarski	M	41	7
10742	Michał	Szewczyk	M	42	7
10801	Michał	Buchalik	G	1	8
10802	Rafał	Janicki	D	2	8
10805	Krzysztof	Bąk	D	5	8
10806	Jarosław	Bieniuk	D	6	8
10807	Sebastian	Madera	D	7	8
10808	Patryk	Tuszyński	M	8	8
10809	Piotr	Grzelczak	S	9	8
10810	Przemysław	Frankowski	M	10	8
10811	Łukasz	Kacprzycki	M	11	8
10812	Bartosz	Kaniecki	G	12	8
10813	Wojciech	Zyska	M	13	8
10814	Piotr	Wiśniewski	S	14	8
10816	Daisuke	Matsui	M	16	8
10815	Adam	Duda	S	15	8
10817	Marcin	Pietrowski	M	17	8
10820	Paweł	Buzała	S	20	8
10821	Mateusz	Machaj	M	21	8
10823	Damian	Kugiel	S	23	8
10824	Mateusz	Bąk	G	24	8
10826		Deleu	D	26	8
10827	Paweł	Dawidowicz	M	27	8
10828	Christopher	Oualembo	D	28	8
10829	Kacper	Łazaj	S	29	8
10830	Maciej	Kostrzewa	M	30	8
10832	Adam	Pazio	D	32	8
10837	Przemysław	Czerwiński	M	37	8
10840	Kacper	Rosa	G	40	8
10887	Sebastian	Małkowski	G	87	8
10901	Marek	Kozioł	G	1	9
10904	Paweł	Widanow	D	4	9
10905	Adam	Banaś	D	5	9
10906	Aleksander	Kwiek	M	6	9
10907	Jiří	Bílek	M	7	9
10911	Arkadiusz	Woźniak	S	11	9
10912	Amadeusz	Skrzyniarz	G	12	9
10914	Đorđe	Čotra	D	14	9
10915	Adrian	Błąd	M	15	9
10917	Adrian	Rakowski	M	17	9
10920	David	Abwo	M	20	9
10921	Bartosz	Rymaniak	D	21	9
10922	Paweł	Oleksy	D	22	9
10924	Michał	Gliwa	G	24	9
10927	Michal	Papadopulos	S	27	9
10931	Róbert	Jež	M	31	9
10937	Boris	Godál	D	37	9
10938	Damian	Kowalczyk	S	38	9
10994	Maciej	Kowalski-Haberek	D	94	9
11001	Jakub	Słowik	G	1	10
11002	Filip	Modelski	D	2	10
11003	Jonatan	Straus	D	3	10
11004	Michał	Pazdan	D	4	10
11005	Tomasz	Bandrowski	M	5	10
11006	Dawid	Plizga	M	6	10
11008	Tomasz	Kupisz	M	8	10
11010	Nika	Dzalamidze	M	10	10
11013	Michał	Pawlik	D	13	10
11014	Adam	Dźwigała	M	14	10
11017	Alexis	Norambuena	D	17	10
11019	Ugochukwu	Ukah	D	19	10
11020	Maciej	Gajos	M	20	10
11022	Rafał	Grzyb	M	22	10
11024	Tomasz	Porębski	D	24	10
11025	Michał	Fidziukiewicz	S	25	10
11027	Grzegorz	Arłukowicz	M	27	10
11077	Kim	Min-kyun	M	77	10
11092	Tomasz	Kowalski	M	92	10
11099	Dani	Quintana	M	99	10
11101	Zbigniew	Małkowski	G	1	11
11103	Kamil	Kuzera	D	3	11
11104	Piotr	Malarczyk	D	4	11
11107	Tomasz	Lisowski	D	7	11
11108	Vlastimir	Jovanović	M	8	11
11109	Paweł	Kal	D	9	11
11110	Michał	Janota	M	10	11
11111	Paweł	Zawistowski	M	11	11
11113	Krzysztof	Kiercz	D	13	11
11115	Łukasz	Sierpina	M	15	11
11116	Artur	Lenartowski	M	16	11
11117	Pavol	Staňo	D	17	11
11118	Marcin	Cebula	M	18	11
11120	Maciej	Korzym	S	20	11
11124	Ołeksij	Szlakotin	G	24	11
11126	Wojciech	Małecki	G	26	11
11127	Vanja	Marković	M	27	11
11129	Paweł	Sobolewski	M	29	11
11133	Ivan	Marković	S	33	11
11139	Bartosz	Kwiecień	M	39	11
11144	Paweł	Golański	D	44	11
11158	Karol	Angielski	S	58	11
11188	Kamil	Sylwestrzak	D	88	11
11199	Mateusz	Stąporski	M	99	11
11201	Krystian	Rudnicki	G	1	12
11203	Maciej	Dąbrowski	D	3	12
11205	Edi	Andradina	M	5	12
11206	Przemysław	Pietruszka	D	6	12
11207	Tomasz	Chałas	S	7	12
11209	Adam	Frączczak	M	9	12
11210	Donald	Djoussé	S	10	12
11213	Takuya	Murayama	M	13	12
11214	Wojciech	Golla	M	14	12
11217	Maksymilian	Rogalski	D	17	12
11218	Radosław	Wiśniewski	M	18	12
11220	Bartosz	Ława	M	20	12
11222	Kamil	Zieliński	S	22	12
11223	Julien	Tadrowski	D	23	12
11225	Sebastian	Rudol	M	25	12
11226	Mateusz	Wilk	M	26	12
11227	Takafumi	Akahoshi	M	27	12
11228	Mateusz	Lewandowski	M	28	12
11230	Dawid	Kort	M	30	12
11244		Hernâni	D	44	12
11284	Radosław	Janukiewicz	G	84	12
11302	Jakub	Bartkowski	D	2	13
11308	Princewill	Okachi	M	8	13
11309	Marcin	Kaczmarek	M	9	13
11313	Maciej	Mielcarz	G	13	13
11316	Michał	Jonczyk	M	16	13
11317	Mariusz	Rybicki	S	17	13
11318	Krystian	Nowak	M	18	13
11319	Bartłomiej	Pawłowski	M	19	13
11320	Michał	Płotka	D	20	13
11322	Sebastian	Radzio	S	22	13
11323	Maciej	Krakowiak	G	23	13
11329	Aléx	Bruno	M	29	13
11330	Hachem	Abbès	D	30	13
11331	Emerson	Carvalho	M	31	13
11333	Bartłomiej	Kasprzak	M	33	13
11394	Veljko	Batrović	M	94	13
11395	Patryk	Stępiński	D	95	13
11401	Richard	Zajac	G	1	14
11402	Michal	Piter-Bučko	D	2	14
11404	Daniel	Gołuch	M	4	14
11405	Daniel	Bujok	M	5	14
11406	Błażej	Telichowski	D	6	14
11407	Juraj	Dančík	D	7	14
11408	Damian	Chmiel	M	8	14
11409	Dariusz	Kołodziej	M	9	14
11410	Marek	Sokołowski	M	10	14
11411	Anton	Sloboda	M	11	14
11413	Piotr	Malinowski	M	13	14
11417	Dariusz	Pietrasiak	D	17	14
11418	Łukasz	Zakrzewski	S	18	14
11420	Fabian	Pawela	S	20	14
11421	Tomasz	Górkiewicz	D	21	14
11425	Piotr	Adamek	G	25	14
11426	Bartłomiej	Konieczny	D	26	14
11427	Adam	Deja	M	27	14
11428	Dariusz	Łatka	M	28	14
11429	Mateusz	Janeczko	S	29	14
11501	Kamil	Lech	G	1	15
11502	Piotr	Stawarczyk	D	2	15
11505	Marek	Zieńczuk	M	5	15
11506	Łukasz	Tymiński	M	6	15
11507	Maciej	Jankowski	S	7	15
11508	Jakub	Smektała	M	8	15
11509	Grzegorz	Kuświk	S	9	15
11511	Mateusz	Kwiatkowski	S	11	15
11512	Krzysztof	Kamiński	G	12	15
11514	Łukasz	Janoszka	M	14	15
11515	Martin	Konczowski	D	15	15
11520	Marek	Szyndrowski	D	20	15
11521	Maciej	Sadlok	D	21	15
11522	Arkadiusz	Lewiński	M	22	15
11524	Robert	Chwastek	M	24	15
11527	Kamil	Włodyka	M	27	15
11529	Pavel	Šultes	S	29	15
11532	Marcin	Malinowski	M	32	15
11534	Filip	Starzyński	M	34	15
11544	Marcin	Baszczyński	D	44	15
11602	Marián	Jarabica	D	2	16
11603	Miloš	Kosanović	D	3	16
11604	Vladimir	Boljević	M	4	16
11605	Mateusz	Żytko	D	5	16
11606	Adam	Marciniak	D	6	16
11607	Krzysztof	Danielewicz	M	7	16
11608	Krzysztof	Nykiel	D	8	16
11609	Edgar	Bernhardt	M	9	16
11610	Saïdi	Ntibazonkiza	M	10	16
11611	Dawid	Nowak	S	11	16
11613	Marcin	Skrzeszewski	G	13	16
11614	Damian	Dąbrowski	M	14	16
11617	Sebastian	Steblecki	M	17	16
11620	Marcin	Kuś	D	20	16
11621	Sławomir	Szeliga	M	21	16
11622	Bruno	Żołądź	M	22	16
11623	Łukasz	Zejdler	M	23	16
11625	Andraž	Struna	D	25	16
11627	Marcin	Budziński	M	27	16
11630	Matko	Perdijić	G	30	16
11637	Bartłomiej	Dudzic	S	37	16
11640	Rok	Štraus	M	40	16
11667	Bartosz	Kapustka	M	67	16
11680	Krzysztof	Pilarz	G	80	16
11688	Kamil	Kłusek	M	88	16
\.


--
-- Data for Name: realworld__league; Type: TABLE DATA; Schema: public; Owner: dlu
--

COPY realworld__league (id, country, division, name) FROM stdin;
32768	PL	1	Extraklasa
\.


--
-- Data for Name: realworld__match; Type: TABLE DATA; Schema: public; Owner: dlu
--

COPY realworld__match (id, awayscore, date, homescore, matchtime, round, season, away_team_id, home_team_id, league_id) FROM stdin;
20130031	0	2013-09-03 20:00:51.669	0	\N	3	2013	9	16	32768
20130032	0	2013-09-03 20:00:51.673	0	\N	3	2013	7	6	32768
20130033	0	2013-09-03 20:00:51.678	0	\N	3	2013	13	3	32768
20130034	0	2013-09-03 20:00:51.683	0	\N	3	2013	15	5	32768
20130035	0	2013-09-03 20:00:51.686	0	\N	3	2013	12	10	32768
20130036	0	2013-09-03 20:00:51.691	0	\N	3	2013	14	11	32768
20130037	0	2013-09-03 20:00:51.695	0	\N	3	2013	4	2	32768
20130038	0	2013-09-03 20:00:51.7	0	\N	3	2013	1	8	32768
20130041	0	2013-09-04 20:00:51.707	0	\N	4	2013	7	16	32768
20130042	0	2013-09-04 20:00:51.711	0	\N	4	2013	13	9	32768
20130043	0	2013-09-04 20:00:51.716	0	\N	4	2013	15	6	32768
20130044	0	2013-09-04 20:00:51.794	0	\N	4	2013	12	3	32768
20130045	0	2013-09-04 20:00:51.799	0	\N	4	2013	14	5	32768
20130046	0	2013-09-04 20:00:51.804	0	\N	4	2013	4	10	32768
20130047	0	2013-09-04 20:00:51.81	0	\N	4	2013	1	11	32768
20130048	0	2013-09-04 20:00:51.814	0	\N	4	2013	8	2	32768
20130051	0	2013-09-05 20:00:51.822	0	\N	5	2013	13	16	32768
20130052	0	2013-09-05 20:00:51.826	0	\N	5	2013	15	7	32768
20130053	0	2013-09-05 20:00:51.83	0	\N	5	2013	12	9	32768
20130054	0	2013-09-05 20:00:51.834	0	\N	5	2013	14	6	32768
20130055	0	2013-09-05 20:00:51.837	0	\N	5	2013	4	3	32768
20130056	0	2013-09-05 20:00:51.84	0	\N	5	2013	1	5	32768
20130057	0	2013-09-05 20:00:51.844	0	\N	5	2013	8	10	32768
20130058	0	2013-09-05 20:00:51.848	0	\N	5	2013	2	11	32768
20130061	0	2013-09-06 20:00:51.854	0	\N	6	2013	15	16	32768
20130062	0	2013-09-06 20:00:51.857	0	\N	6	2013	12	13	32768
20130063	0	2013-09-06 20:00:51.86	0	\N	6	2013	14	7	32768
20130064	0	2013-09-06 20:00:51.864	0	\N	6	2013	4	9	32768
20130065	0	2013-09-06 20:00:51.941	0	\N	6	2013	1	6	32768
20130066	0	2013-09-06 20:00:51.945	0	\N	6	2013	8	3	32768
20130067	0	2013-09-06 20:00:51.949	0	\N	6	2013	2	5	32768
20130068	0	2013-09-06 20:00:51.953	0	\N	6	2013	11	10	32768
20130071	0	2013-09-07 20:00:51.96	0	\N	7	2013	12	16	32768
20130072	0	2013-09-07 20:00:51.963	0	\N	7	2013	14	15	32768
20130073	0	2013-09-07 20:00:51.966	0	\N	7	2013	4	13	32768
20130074	0	2013-09-07 20:00:51.97	0	\N	7	2013	1	7	32768
20130075	0	2013-09-07 20:00:51.973	0	\N	7	2013	8	9	32768
20130076	0	2013-09-07 20:00:51.976	0	\N	7	2013	2	6	32768
20130077	0	2013-09-07 20:00:51.978	0	\N	7	2013	11	3	32768
20130078	0	2013-09-07 20:00:51.981	0	\N	7	2013	10	5	32768
20130081	0	2013-09-08 20:00:51.985	0	\N	8	2013	14	16	32768
20130082	0	2013-09-08 20:00:51.988	0	\N	8	2013	4	12	32768
20130083	0	2013-09-08 20:00:51.991	0	\N	8	2013	1	15	32768
20130084	0	2013-09-08 20:00:51.994	0	\N	8	2013	8	13	32768
20130085	0	2013-09-08 20:00:51.997	0	\N	8	2013	2	7	32768
20130086	0	2013-09-08 20:00:52.079	0	\N	8	2013	11	9	32768
20130087	0	2013-09-08 20:00:52.083	0	\N	8	2013	10	6	32768
20130088	0	2013-09-08 20:00:52.089	0	\N	8	2013	5	3	32768
20130091	0	2013-09-09 20:00:52.095	0	\N	9	2013	4	16	32768
20130092	0	2013-09-09 20:00:52.1	0	\N	9	2013	1	14	32768
20130093	0	2013-09-09 20:00:52.104	0	\N	9	2013	8	12	32768
20130094	0	2013-09-09 20:00:52.108	0	\N	9	2013	2	15	32768
20130095	0	2013-09-09 20:00:52.111	0	\N	9	2013	11	13	32768
20130096	0	2013-09-09 20:00:52.113	0	\N	9	2013	10	7	32768
20130097	0	2013-09-09 20:00:52.116	0	\N	9	2013	5	9	32768
20130098	0	2013-09-09 20:00:52.12	0	\N	9	2013	3	6	32768
20130101	0	2013-09-10 20:00:52.124	0	\N	10	2013	1	16	32768
20130102	0	2013-09-10 20:00:52.127	0	\N	10	2013	8	4	32768
20130103	0	2013-09-10 20:00:52.131	0	\N	10	2013	2	14	32768
20130104	0	2013-09-10 20:00:52.134	0	\N	10	2013	11	12	32768
20130105	0	2013-09-10 20:00:52.137	0	\N	10	2013	10	15	32768
20130106	0	2013-09-10 20:00:52.142	0	\N	10	2013	5	13	32768
20130107	0	2013-09-10 20:00:52.222	0	\N	10	2013	3	7	32768
20130108	0	2013-09-10 20:00:52.227	0	\N	10	2013	6	9	32768
20130111	0	2013-09-11 20:00:52.234	0	\N	11	2013	8	16	32768
20130112	0	2013-09-11 20:00:52.239	0	\N	11	2013	2	1	32768
20130113	0	2013-09-11 20:00:52.244	0	\N	11	2013	11	4	32768
20130114	0	2013-09-11 20:00:52.248	0	\N	11	2013	10	14	32768
20130115	0	2013-09-11 20:00:52.251	0	\N	11	2013	5	12	32768
20130116	0	2013-09-11 20:00:52.255	0	\N	11	2013	3	15	32768
20130117	0	2013-09-11 20:00:52.258	0	\N	11	2013	6	13	32768
20130118	0	2013-09-11 20:00:52.262	0	\N	11	2013	9	7	32768
20130021	0	2013-09-02 20:00:51.563	0	90	2	2013	6	16	32768
20130022	0	2013-09-02 20:00:51.567	0	90	2	2013	9	3	32768
20130023	0	2013-09-02 20:00:51.634	0	90	2	2013	7	5	32768
20130024	0	2013-09-02 20:00:51.641	0	90	2	2013	13	10	32768
20130025	0	2013-09-02 20:00:51.646	0	90	2	2013	15	11	32768
20130026	0	2013-09-02 20:00:51.651	0	90	2	2013	12	2	32768
20130027	0	2013-09-02 20:00:51.656	0	90	2	2013	14	8	32768
20130028	0	2013-09-02 20:00:51.662	0	90	2	2013	4	1	32768
20130121	0	2013-09-12 20:00:52.268	0	\N	12	2013	2	16	32768
20130122	0	2013-09-12 20:00:52.271	0	\N	12	2013	11	8	32768
20130123	0	2013-09-12 20:00:52.274	0	\N	12	2013	10	1	32768
20130124	0	2013-09-12 20:00:52.278	0	\N	12	2013	5	4	32768
20130125	0	2013-09-12 20:00:52.282	0	\N	12	2013	3	14	32768
20130126	0	2013-09-12 20:00:52.285	0	\N	12	2013	6	12	32768
20130127	0	2013-09-12 20:00:52.288	0	\N	12	2013	9	15	32768
20130128	0	2013-09-12 20:00:52.365	0	\N	12	2013	7	13	32768
20130131	0	2013-09-13 20:00:52.372	0	\N	13	2013	11	16	32768
20130132	0	2013-09-13 20:00:52.376	0	\N	13	2013	10	2	32768
20130133	0	2013-09-13 20:00:52.382	0	\N	13	2013	5	8	32768
20130134	0	2013-09-13 20:00:52.387	0	\N	13	2013	3	1	32768
20130135	0	2013-09-13 20:00:52.392	0	\N	13	2013	6	4	32768
20130136	0	2013-09-13 20:00:52.395	0	\N	13	2013	9	14	32768
20130137	0	2013-09-13 20:00:52.4	0	\N	13	2013	7	12	32768
20130138	0	2013-09-13 20:00:52.404	0	\N	13	2013	13	15	32768
20130141	0	2013-09-14 20:00:52.409	0	\N	14	2013	10	16	32768
20130142	0	2013-09-14 20:00:52.412	0	\N	14	2013	5	11	32768
20130143	0	2013-09-14 20:00:52.415	0	\N	14	2013	3	2	32768
20130144	0	2013-09-14 20:00:52.418	0	\N	14	2013	6	8	32768
20130145	0	2013-09-14 20:00:52.422	0	\N	14	2013	9	1	32768
20130146	0	2013-09-14 20:00:52.426	0	\N	14	2013	7	4	32768
20130147	0	2013-09-14 20:00:52.43	0	\N	14	2013	13	14	32768
20130148	0	2013-09-14 20:00:52.435	0	\N	14	2013	15	12	32768
20130151	0	2013-09-15 20:00:52.515	0	\N	15	2013	5	16	32768
20130152	0	2013-09-15 20:00:52.52	0	\N	15	2013	3	10	32768
20130153	0	2013-09-15 20:00:52.524	0	\N	15	2013	6	11	32768
20130154	0	2013-09-15 20:00:52.528	0	\N	15	2013	9	2	32768
20130155	0	2013-09-15 20:00:52.532	0	\N	15	2013	7	8	32768
20130156	0	2013-09-15 20:00:52.536	0	\N	15	2013	13	1	32768
20130157	0	2013-09-15 20:00:52.54	0	\N	15	2013	15	4	32768
20130158	0	2013-09-15 20:00:52.544	0	\N	15	2013	12	14	32768
20130161	0	2013-09-16 20:00:52.549	0	\N	16	2013	16	3	32768
20130162	0	2013-09-16 20:00:52.552	0	\N	16	2013	5	6	32768
20130163	0	2013-09-16 20:00:52.554	0	\N	16	2013	10	9	32768
20130164	0	2013-09-16 20:00:52.557	0	\N	16	2013	11	7	32768
20130165	0	2013-09-16 20:00:52.56	0	\N	16	2013	2	13	32768
20130166	0	2013-09-16 20:00:52.562	0	\N	16	2013	8	15	32768
20130167	0	2013-09-16 20:00:52.565	0	\N	16	2013	1	12	32768
20130168	0	2013-09-16 20:00:52.568	0	\N	16	2013	4	14	32768
20130171	0	2013-09-17 20:00:52.572	0	\N	17	2013	16	6	32768
20130172	0	2013-09-17 20:00:52.662	0	\N	17	2013	3	9	32768
20130173	0	2013-09-17 20:00:52.666	0	\N	17	2013	5	7	32768
20130174	0	2013-09-17 20:00:52.671	0	\N	17	2013	10	13	32768
20130175	0	2013-09-17 20:00:52.675	0	\N	17	2013	11	15	32768
20130176	0	2013-09-17 20:00:52.679	0	\N	17	2013	2	12	32768
20130177	0	2013-09-17 20:00:52.683	0	\N	17	2013	8	14	32768
20130178	0	2013-09-17 20:00:52.685	0	\N	17	2013	1	4	32768
20130181	0	2013-09-18 20:00:52.689	0	\N	18	2013	16	9	32768
20130182	0	2013-09-18 20:00:52.693	0	\N	18	2013	6	7	32768
20130183	0	2013-09-18 20:00:52.696	0	\N	18	2013	3	13	32768
20130184	0	2013-09-18 20:00:52.699	0	\N	18	2013	5	15	32768
20130185	0	2013-09-18 20:00:52.701	0	\N	18	2013	10	12	32768
20130186	0	2013-09-18 20:00:52.704	0	\N	18	2013	11	14	32768
20130187	0	2013-09-18 20:00:52.707	0	\N	18	2013	2	4	32768
20130188	0	2013-09-18 20:00:52.709	0	\N	18	2013	8	1	32768
20130191	0	2013-09-19 20:00:52.713	0	\N	19	2013	16	7	32768
20130192	0	2013-09-19 20:00:52.716	0	\N	19	2013	9	13	32768
20130193	0	2013-09-19 20:00:52.804	0	\N	19	2013	6	15	32768
20130194	0	2013-09-19 20:00:52.808	0	\N	19	2013	3	12	32768
20130195	0	2013-09-19 20:00:52.812	0	\N	19	2013	5	14	32768
20130196	0	2013-09-19 20:00:52.816	0	\N	19	2013	10	4	32768
20130197	0	2013-09-19 20:00:52.82	0	\N	19	2013	11	1	32768
20130198	0	2013-09-19 20:00:52.824	0	\N	19	2013	2	8	32768
20130201	0	2013-09-20 20:00:52.829	0	\N	20	2013	16	13	32768
20130202	0	2013-09-20 20:00:52.833	0	\N	20	2013	7	15	32768
20130203	0	2013-09-20 20:00:52.836	0	\N	20	2013	9	12	32768
20130204	0	2013-09-20 20:00:52.838	0	\N	20	2013	6	14	32768
20130205	0	2013-09-20 20:00:52.841	0	\N	20	2013	3	4	32768
20130206	0	2013-09-20 20:00:52.846	0	\N	20	2013	5	1	32768
20130207	0	2013-09-20 20:00:52.849	0	\N	20	2013	10	8	32768
20130208	0	2013-09-20 20:00:52.852	0	\N	20	2013	11	2	32768
20130211	0	2013-09-21 20:00:52.856	0	\N	21	2013	16	15	32768
20130212	0	2013-09-21 20:00:52.859	0	\N	21	2013	13	12	32768
20130213	0	2013-09-21 20:00:52.862	0	\N	21	2013	7	14	32768
20130214	0	2013-09-21 20:00:52.943	0	\N	21	2013	9	4	32768
20130215	0	2013-09-21 20:00:52.947	0	\N	21	2013	6	1	32768
20130216	0	2013-09-21 20:00:52.952	0	\N	21	2013	3	8	32768
20130217	0	2013-09-21 20:00:52.956	0	\N	21	2013	5	2	32768
20130218	0	2013-09-21 20:00:52.96	0	\N	21	2013	10	11	32768
20130221	0	2013-09-22 20:00:52.966	0	\N	22	2013	16	12	32768
20130222	0	2013-09-22 20:00:52.97	0	\N	22	2013	15	14	32768
20130223	0	2013-09-22 20:00:52.973	0	\N	22	2013	13	4	32768
20130224	0	2013-09-22 20:00:52.975	0	\N	22	2013	7	1	32768
20130225	0	2013-09-22 20:00:52.978	0	\N	22	2013	9	8	32768
20130226	0	2013-09-22 20:00:52.981	0	\N	22	2013	6	2	32768
20130227	0	2013-09-22 20:00:52.983	0	\N	22	2013	3	11	32768
20130228	0	2013-09-22 20:00:52.986	0	\N	22	2013	5	10	32768
20130231	0	2013-09-23 20:00:52.99	0	\N	23	2013	16	14	32768
20130232	0	2013-09-23 20:00:52.993	0	\N	23	2013	12	4	32768
20130233	0	2013-09-23 20:00:52.996	0	\N	23	2013	15	1	32768
20130234	0	2013-09-23 20:00:52.999	0	\N	23	2013	13	8	32768
20130235	0	2013-09-23 20:00:53.084	0	\N	23	2013	7	2	32768
20130236	0	2013-09-23 20:00:53.088	0	\N	23	2013	9	11	32768
20130237	0	2013-09-23 20:00:53.091	0	\N	23	2013	6	10	32768
20130238	0	2013-09-23 20:00:53.095	0	\N	23	2013	3	5	32768
20130241	0	2013-09-24 20:00:53.1	0	\N	24	2013	16	4	32768
20130242	0	2013-09-24 20:00:53.104	0	\N	24	2013	14	1	32768
20130243	0	2013-09-24 20:00:53.106	0	\N	24	2013	12	8	32768
20130244	0	2013-09-24 20:00:53.109	0	\N	24	2013	15	2	32768
20130245	0	2013-09-24 20:00:53.112	0	\N	24	2013	13	11	32768
20130246	0	2013-09-24 20:00:53.114	0	\N	24	2013	7	10	32768
20130247	0	2013-09-24 20:00:53.117	0	\N	24	2013	9	5	32768
20130248	0	2013-09-24 20:00:53.12	0	\N	24	2013	6	3	32768
20130251	0	2013-09-25 20:00:53.125	0	\N	25	2013	16	1	32768
20130252	0	2013-09-25 20:00:53.128	0	\N	25	2013	4	8	32768
20130253	0	2013-09-25 20:00:53.13	0	\N	25	2013	14	2	32768
20130254	0	2013-09-25 20:00:53.133	0	\N	25	2013	12	11	32768
20130255	0	2013-09-25 20:00:53.136	0	\N	25	2013	15	10	32768
20130256	0	2013-09-25 20:00:53.206	0	\N	25	2013	13	5	32768
20130257	0	2013-09-25 20:00:53.21	0	\N	25	2013	7	3	32768
20130258	0	2013-09-25 20:00:53.214	0	\N	25	2013	9	6	32768
20130261	0	2013-09-26 20:00:53.221	0	\N	26	2013	16	8	32768
20130262	0	2013-09-26 20:00:53.225	0	\N	26	2013	1	2	32768
20130263	0	2013-09-26 20:00:53.229	0	\N	26	2013	4	11	32768
20130264	0	2013-09-26 20:00:53.231	0	\N	26	2013	14	10	32768
20130265	0	2013-09-26 20:00:53.234	0	\N	26	2013	12	5	32768
20130266	0	2013-09-26 20:00:53.237	0	\N	26	2013	15	3	32768
20130267	0	2013-09-26 20:00:53.24	0	\N	26	2013	13	6	32768
20130268	0	2013-09-26 20:00:53.242	0	\N	26	2013	7	9	32768
20130271	0	2013-09-27 20:00:53.247	0	\N	27	2013	16	2	32768
20130272	0	2013-09-27 20:00:53.249	0	\N	27	2013	8	11	32768
20130273	0	2013-09-27 20:00:53.252	0	\N	27	2013	1	10	32768
20130274	0	2013-09-27 20:00:53.254	0	\N	27	2013	4	5	32768
20130275	0	2013-09-27 20:00:53.257	0	\N	27	2013	14	3	32768
20130276	0	2013-09-27 20:00:53.26	0	\N	27	2013	12	6	32768
20130277	0	2013-09-27 20:00:53.346	0	\N	27	2013	15	9	32768
20130278	0	2013-09-27 20:00:53.351	0	\N	27	2013	13	7	32768
20130281	0	2013-09-28 20:00:53.357	0	\N	28	2013	16	11	32768
20130282	0	2013-09-28 20:00:53.362	0	\N	28	2013	2	10	32768
20130283	0	2013-09-28 20:00:53.366	0	\N	28	2013	8	5	32768
20130284	0	2013-09-28 20:00:53.373	0	\N	28	2013	1	3	32768
20130285	0	2013-09-28 20:00:53.377	0	\N	28	2013	4	6	32768
20130286	0	2013-09-28 20:00:53.381	0	\N	28	2013	14	9	32768
20130287	0	2013-09-28 20:00:53.383	0	\N	28	2013	12	7	32768
20130288	0	2013-09-28 20:00:53.386	0	\N	28	2013	15	13	32768
20130291	0	2013-09-29 20:00:53.39	0	\N	29	2013	16	10	32768
20130292	0	2013-09-29 20:00:53.392	0	\N	29	2013	11	5	32768
20130293	0	2013-09-29 20:00:53.395	0	\N	29	2013	2	3	32768
20130294	0	2013-09-29 20:00:53.398	0	\N	29	2013	8	6	32768
20130295	0	2013-09-29 20:00:53.402	0	\N	29	2013	1	9	32768
20130296	0	2013-09-29 20:00:53.404	0	\N	29	2013	4	7	32768
20130297	0	2013-09-29 20:00:53.407	0	\N	29	2013	14	13	32768
20130298	0	2013-09-29 20:00:53.495	0	\N	29	2013	12	15	32768
20130301	0	2013-09-30 20:00:53.501	0	\N	30	2013	16	5	32768
20130302	0	2013-09-30 20:00:53.505	0	\N	30	2013	10	3	32768
20130303	0	2013-09-30 20:00:53.509	0	\N	30	2013	11	6	32768
20130304	0	2013-09-30 20:00:53.512	0	\N	30	2013	2	9	32768
20130305	0	2013-09-30 20:00:53.517	0	\N	30	2013	8	7	32768
20130306	0	2013-09-30 20:00:53.525	0	\N	30	2013	1	13	32768
20130307	0	2013-09-30 20:00:53.53	0	\N	30	2013	4	15	32768
20130308	0	2013-09-30 20:00:53.533	0	\N	30	2013	14	12	32768
20130011	0	2013-09-01 20:00:51.535	0	90	1	2013	3	16	32768
20130012	0	2013-09-01 20:00:51.539	0	90	1	2013	6	5	32768
20130013	0	2013-09-01 20:00:51.542	0	90	1	2013	9	10	32768
20130014	0	2013-09-01 20:00:51.545	0	90	1	2013	7	11	32768
20130015	0	2013-09-01 20:00:51.549	0	90	1	2013	13	2	32768
20130016	0	2013-09-01 20:00:51.552	0	90	1	2013	15	8	32768
20130017	0	2013-09-01 20:00:51.555	0	90	1	2013	12	1	32768
20130018	0	2013-09-01 20:00:51.558	0	90	1	2013	14	4	32768
\.


--
-- Data for Name: realworld__performance; Type: TABLE DATA; Schema: public; Owner: dlu
--

COPY realworld__performance (id, assists, causedpenalties, cleansheet, goals, goalsconceded, lostgoals, lostpenalties, minutesplayed, missedpenalties, owngoals, penaltiesdefended, penaltiesreceived, points, "position", redcard, secondlinup, shotsdefended, startinglinup, withoutlostgoals, yellowcard, athlete_id, match_id) FROM stdin;
458760	0	0	0	0	0	0	0	90	0	0	0	0	0	M	0	0	1	1	0	0	11610	20130011
458761	0	0	0	0	1	0	0	90	0	0	0	0	0	S	0	0	0	1	0	0	11611	20130011
458762	0	0	0	1	0	0	0	90	0	0	0	0	0	G	0	0	0	1	0	0	11613	20130011
458763	1	0	0	0	0	0	0	90	0	0	0	0	0	M	0	0	0	1	0	0	11614	20130011
458777	0	0	0	0	0	0	0	90	0	0	0	0	0	M	0	0	0	1	0	0	10302	20130011
458778	0	0	0	0	0	0	0	90	0	0	0	0	0	D	0	0	0	1	0	0	10303	20130011
458779	0	0	0	1	1	0	0	90	0	0	0	0	0	M	0	0	0	1	0	0	10305	20130011
458780	0	0	0	0	0	0	0	90	0	0	1	0	0	M	0	0	0	1	0	0	10306	20130011
458781	0	0	0	0	0	0	0	90	0	0	0	0	0	M	0	0	1	1	0	0	10309	20130011
458810	0	1	0	0	1	0	0	90	0	0	0	0	0	D	0	0	0	1	0	0	10517	20130012
458811	0	0	0	0	1	0	0	90	0	0	0	0	0	M	0	0	0	1	0	0	10518	20130012
458812	0	0	0	0	0	0	0	90	0	0	0	0	0	M	0	0	1	1	0	0	10519	20130012
458813	1	0	0	0	0	0	0	90	0	0	0	0	0	S	0	0	0	1	0	0	10520	20130012
458814	0	0	0	0	0	0	0	90	0	0	0	0	0	D	0	0	0	1	0	0	10521	20130012
458815	0	0	0	0	0	0	0	90	0	0	0	0	0	D	0	0	0	1	0	0	10522	20130012
458816	0	0	0	0	0	1	0	90	0	0	0	0	0	D	0	0	1	1	0	0	10526	20130012
458817	0	0	0	0	0	0	0	90	0	0	0	0	0	S	0	0	0	1	0	1	10527	20130012
458818	0	0	0	0	0	1	0	90	0	0	0	0	0	G	0	0	0	1	0	1	10528	20130012
458819	0	0	0	0	1	1	0	90	0	0	0	0	0	M	0	0	0	1	0	1	10529	20130012
458820	0	0	0	0	0	0	0	90	0	0	0	0	0	G	0	0	0	1	0	0	10533	20130012
458882	1	0	0	1	0	0	0	90	0	0	0	0	0	D	0	0	0	1	0	0	10994	20130013
458891	0	0	0	0	0	0	0	90	0	0	0	0	0	D	0	0	0	1	0	0	11113	20130014
458892	0	0	0	0	0	0	0	90	0	0	0	0	0	M	0	0	0	1	1	0	11115	20130014
458893	0	0	0	0	0	0	0	90	0	1	0	0	0	M	0	0	0	1	0	0	11116	20130014
458894	1	0	0	0	0	0	0	90	0	0	0	0	0	D	0	0	0	1	0	0	11117	20130014
458895	0	0	0	0	1	0	0	90	0	0	0	0	0	M	0	0	0	1	0	0	11118	20130014
458764	0	0	0	0	0	0	0	90	0	0	0	0	0	M	0	0	0	1	0	0	11617	20130011
458765	0	0	0	2	0	0	0	90	0	0	0	0	0	D	0	0	0	1	1	0	11620	20130011
458766	0	0	0	0	0	0	0	90	0	0	0	0	0	M	0	0	0	1	0	0	11621	20130011
458767	0	0	0	0	1	0	0	90	0	0	0	0	0	M	0	0	0	1	0	0	11622	20130011
458768	0	0	0	0	0	0	0	90	0	0	0	0	0	M	0	0	0	1	0	0	11623	20130011
458769	0	0	0	0	0	0	0	90	0	0	0	0	0	D	0	0	0	1	0	0	11625	20130011
458770	0	0	0	0	0	1	0	90	0	0	0	0	0	M	0	0	0	1	0	0	11627	20130011
458771	0	0	0	0	0	0	0	90	0	0	0	0	0	G	0	0	0	1	0	0	11630	20130011
458772	0	0	0	1	0	0	0	90	0	0	0	0	0	S	0	0	1	1	0	0	11637	20130011
458773	0	0	0	0	0	0	0	90	0	0	0	0	0	M	0	0	0	1	0	0	11640	20130011
458774	0	0	0	0	0	0	0	90	0	0	0	0	0	M	0	0	1	1	0	0	11667	20130011
458775	0	0	0	0	0	0	0	90	0	0	0	0	0	G	0	0	0	1	0	0	11680	20130011
458776	0	0	0	0	0	0	0	90	0	0	0	0	0	M	0	0	0	1	0	0	11688	20130011
458896	0	0	0	0	0	0	0	90	0	0	0	0	0	S	0	0	0	1	0	0	11120	20130014
458897	1	0	0	0	0	0	0	90	0	0	0	0	0	G	0	0	1	1	1	0	11124	20130014
458898	1	0	0	0	0	0	0	90	0	0	1	0	0	G	0	0	0	1	0	0	11126	20130014
458899	0	0	0	1	0	0	0	90	0	0	0	0	0	M	0	0	0	1	0	0	11127	20130014
458900	0	0	0	0	0	0	0	90	0	0	0	0	0	M	0	0	0	1	0	0	11129	20130014
458901	0	1	0	0	0	0	0	90	0	0	0	0	0	S	0	0	0	1	1	0	11133	20130014
458902	0	0	0	0	0	0	0	90	0	0	0	0	0	M	0	0	0	1	0	0	11139	20130014
459045	1	0	0	0	0	0	0	90	0	0	0	0	0	G	0	0	0	1	1	0	10191	20130017
459046	0	0	0	0	0	0	0	90	0	0	0	0	0	D	0	0	1	1	0	0	10193	20130017
655360	0	0	0	0	0	0	0	90	0	0	0	0	0	D	1	0	0	1	0	1	11602	20130021
655361	0	0	0	0	0	0	0	90	0	0	0	0	0	D	1	0	0	1	0	1	11603	20130021
655362	0	0	0	0	0	0	0	90	0	0	0	0	0	M	1	0	0	1	0	1	11604	20130021
655363	0	0	0	1	0	0	0	90	0	0	0	0	0	D	1	0	1	1	0	1	11605	20130021
655364	0	0	0	0	0	0	0	90	0	0	0	0	0	D	1	0	0	1	0	1	11606	20130021
655365	0	0	0	0	0	0	0	90	0	1	0	0	0	M	1	0	1	1	0	1	11607	20130021
655366	0	0	0	0	0	0	0	90	0	0	0	0	0	D	1	0	0	1	0	1	11608	20130021
655367	0	0	0	0	0	0	0	90	0	0	0	0	0	M	1	0	0	1	0	1	11609	20130021
655368	0	0	0	0	0	0	0	90	0	0	0	0	0	M	1	0	1	1	0	1	11610	20130021
655369	0	0	0	0	1	0	0	90	0	0	0	0	0	S	1	0	0	1	0	1	11611	20130021
655370	0	0	0	1	0	0	0	90	0	0	0	0	0	G	1	0	0	1	0	1	11613	20130021
655371	1	0	0	0	0	0	0	90	0	0	0	0	0	M	1	0	0	1	0	1	11614	20130021
655372	0	0	0	0	0	0	0	90	0	0	0	0	0	M	1	0	0	1	0	1	11617	20130021
655373	0	0	0	2	0	0	0	90	0	0	0	0	0	D	1	0	0	1	1	1	11620	20130021
655374	0	0	0	0	0	0	0	90	0	0	0	0	0	M	1	0	0	1	0	1	11621	20130021
655375	0	0	0	0	1	0	0	90	0	0	0	0	0	M	1	0	0	1	0	1	11622	20130021
655376	0	0	0	0	0	0	0	90	0	0	0	0	0	M	1	0	0	1	0	1	11623	20130021
655377	0	0	0	0	0	0	0	90	0	0	0	0	0	D	1	0	0	1	0	1	11625	20130021
655378	0	0	0	0	0	1	0	90	0	0	0	0	0	M	1	0	0	1	0	1	11627	20130021
655379	0	0	0	0	0	0	0	90	0	0	0	0	0	G	1	0	0	1	0	1	11630	20130021
458904	0	0	0	0	0	0	0	90	0	0	0	0	0	S	0	0	0	1	0	0	11158	20130014
458905	0	0	0	0	1	0	0	90	0	0	0	0	0	D	0	0	0	1	0	0	11188	20130014
458906	0	0	0	0	0	0	0	90	0	0	0	1	0	M	0	0	0	1	0	0	11199	20130014
458942	1	0	0	1	0	0	0	90	0	0	0	0	0	G	0	0	1	1	0	0	10222	20130015
458943	1	0	0	0	1	0	0	90	0	0	0	0	0	M	0	0	1	1	1	0	10223	20130015
458944	0	0	0	0	0	0	0	90	0	0	0	0	0	D	0	0	0	1	0	0	10225	20130015
458945	1	0	0	0	0	0	0	90	0	0	0	0	0	G	0	0	0	1	0	0	10227	20130015
458946	0	0	0	0	0	1	0	90	0	1	0	0	0	M	0	0	0	1	0	0	10228	20130015
458784	0	0	0	1	1	0	0	90	0	0	0	0	0	D	0	0	0	1	0	0	10315	20130011
458785	0	0	0	1	0	1	0	90	0	0	0	0	0	M	0	0	0	1	0	0	10316	20130011
458786	1	1	0	0	0	0	0	90	0	0	0	0	0	D	0	0	0	1	0	0	10317	20130011
458787	2	0	0	0	2	0	0	90	0	0	0	0	0	M	0	0	0	1	0	0	10319	20130011
458788	0	0	0	1	0	0	0	90	0	0	0	0	0	S	0	0	0	1	0	0	10323	20130011
458789	0	1	0	1	0	0	0	90	0	0	0	0	0	D	0	0	0	1	0	0	10324	20130011
458790	1	0	0	0	0	0	0	90	0	0	0	0	0	G	0	0	0	1	1	0	10325	20130011
458791	0	0	0	0	0	0	0	90	0	0	0	0	0	M	0	0	0	1	0	0	10326	20130011
655380	0	0	0	1	0	0	0	90	0	0	0	0	0	S	1	0	1	1	0	1	11637	20130021
655381	0	0	0	0	0	0	0	90	0	0	0	0	0	M	0	0	0	1	0	1	11640	20130021
458903	0	0	0	0	0	0	0	90	0	0	0	0	0	D	0	0	0	1	0	0	11144	20130014
458947	0	0	0	0	0	0	0	90	0	0	0	0	0	G	0	0	0	1	0	0	10231	20130015
458948	1	0	0	0	0	0	0	90	0	0	0	0	0	M	0	0	0	1	0	0	10232	20130015
458949	0	1	0	0	1	0	0	90	0	0	0	0	0	G	0	0	0	1	0	0	10233	20130015
458950	0	0	0	0	0	0	0	90	0	0	0	0	0	D	0	0	1	1	0	0	10235	20130015
458951	1	0	0	0	0	0	0	90	0	0	0	0	0	D	0	0	0	1	1	0	10238	20130015
459005	1	0	0	0	0	0	0	90	0	0	0	0	0	G	0	0	0	1	0	0	11512	20130016
459006	1	0	0	0	0	0	0	90	0	0	0	0	0	M	0	0	0	1	0	0	11514	20130016
459007	0	0	0	0	0	0	0	90	0	0	0	0	0	D	0	0	0	1	0	0	11515	20130016
459008	1	0	0	0	0	0	0	90	0	0	0	0	0	D	0	0	0	1	0	0	11520	20130016
459009	0	0	0	1	1	0	0	90	0	0	0	0	0	D	0	0	0	1	0	0	11521	20130016
459010	0	0	0	1	0	0	0	90	0	0	0	0	0	M	0	0	0	1	0	0	11522	20130016
459011	2	0	0	0	0	1	0	90	0	0	0	0	0	M	0	0	0	1	0	0	11524	20130016
459012	0	0	0	0	0	0	0	90	0	0	0	0	0	M	0	0	0	1	0	0	11527	20130016
459013	1	0	0	1	1	0	0	90	0	0	0	0	0	S	0	0	0	1	0	0	11529	20130016
459014	0	0	0	0	0	0	0	90	0	0	0	0	0	M	0	0	0	1	0	0	11532	20130016
459015	0	0	0	0	0	0	0	90	0	0	0	0	0	M	0	0	0	1	0	0	11534	20130016
459016	1	0	0	0	0	0	0	90	0	0	0	0	0	D	0	0	0	1	0	0	11544	20130016
459029	0	0	0	0	0	0	0	90	0	0	0	0	0	S	0	0	0	1	0	0	10118	20130017
459030	1	1	0	0	0	0	0	90	0	0	0	0	0	M	0	0	0	1	0	0	10119	20130017
459031	0	0	0	1	0	0	0	90	0	0	0	0	0	S	0	0	1	1	0	0	10120	20130017
459032	0	0	0	1	0	0	0	90	0	0	0	0	0	M	0	0	0	1	0	0	10121	20130017
459033	0	0	0	0	1	0	0	90	0	0	0	0	0	M	0	0	0	1	0	0	10122	20130017
459034	0	0	0	0	0	0	0	90	0	0	0	0	0	S	0	0	0	1	2	0	10124	20130017
459035	0	0	0	0	0	0	0	90	0	0	0	0	0	D	0	0	1	1	0	0	10125	20130017
459036	0	0	0	1	0	0	0	90	0	0	0	0	0	M	0	0	0	1	0	0	10127	20130017
459037	0	0	0	0	0	0	0	90	0	0	0	0	0	D	0	0	0	1	0	0	10128	20130017
459038	1	0	0	0	0	0	0	90	0	0	0	0	0	M	0	0	0	1	0	0	10132	20130017
459039	0	0	0	0	1	0	0	90	0	0	0	0	0	M	0	0	1	1	0	0	10133	20130017
459040	0	0	0	0	0	0	0	90	0	0	0	0	0	D	0	0	2	1	0	0	10134	20130017
459041	1	0	0	0	0	0	0	90	0	0	0	0	0	M	0	0	0	1	0	0	10135	20130017
459042	0	0	0	0	0	0	0	90	0	0	0	0	0	M	0	0	0	1	0	0	10137	20130017
459043	1	0	0	1	1	0	0	90	0	0	0	0	0	M	0	0	0	1	0	0	10177	20130017
459044	0	0	0	0	0	0	0	90	0	0	0	0	0	G	0	0	0	1	0	0	10184	20130017
655382	0	0	0	0	0	0	0	90	0	0	0	0	0	M	0	0	1	1	0	1	11667	20130021
655383	0	0	0	0	0	0	0	90	0	0	0	0	0	G	0	0	0	1	0	1	11680	20130021
655384	0	0	0	0	0	0	0	90	0	0	0	0	0	M	1	0	0	1	0	1	11688	20130021
655385	0	0	0	0	0	0	0	90	0	0	0	0	0	G	0	0	0	1	0	0	10601	20130021
655386	0	0	0	0	0	0	0	90	0	0	0	0	0	D	0	0	0	1	0	0	10602	20130021
655387	0	0	0	1	1	0	0	90	0	0	0	0	0	D	0	0	0	1	0	0	10605	20130021
655388	0	0	0	0	0	0	0	90	0	0	1	0	0	M	0	0	0	1	0	0	10606	20130021
655389	0	0	0	0	0	0	0	90	0	0	0	0	0	M	0	0	1	1	0	0	10607	20130021
655390	0	0	0	1	0	0	0	90	0	0	0	0	0	S	0	0	0	1	0	0	10608	20130021
655391	0	0	0	1	2	0	0	90	0	0	0	0	0	M	0	0	0	1	1	0	10609	20130021
655392	0	0	0	1	1	0	0	90	0	0	0	0	0	S	0	0	0	1	0	0	10610	20130021
655393	0	0	0	1	0	1	0	90	0	0	0	0	0	D	0	0	0	1	0	0	10613	20130021
655394	1	1	0	0	0	0	0	90	0	0	0	0	0	M	0	0	0	1	0	0	10614	20130021
655395	2	0	0	0	2	0	0	90	0	0	0	0	0	M	0	0	0	1	0	0	10615	20130021
655396	0	0	0	1	0	0	0	90	0	0	0	0	0	D	0	0	0	1	0	0	10618	20130021
655397	0	1	0	1	0	0	0	90	0	0	0	0	0	M	0	0	0	1	0	0	10619	20130021
655398	1	0	0	0	0	0	0	90	0	0	0	0	0	S	0	0	0	1	1	0	10620	20130021
655399	0	0	0	0	0	0	0	90	0	0	0	0	0	M	0	0	0	1	0	0	10625	20130021
655400	0	0	0	0	0	0	0	90	0	0	0	0	0	D	0	0	0	1	0	0	10627	20130021
655401	0	0	0	0	0	0	0	90	0	0	0	0	0	G	0	0	0	1	0	0	10683	20130021
655402	0	0	0	0	0	0	0	90	1	0	0	0	0	M	0	0	0	1	0	0	10302	20130022
655403	0	0	0	0	0	0	0	90	0	0	0	0	0	D	0	0	0	1	0	0	10303	20130022
655404	0	1	0	1	0	0	0	90	0	0	0	0	0	M	0	0	0	1	0	0	10305	20130022
655405	0	0	0	0	0	1	0	90	0	0	0	0	0	M	0	0	0	1	0	0	10306	20130022
655406	0	0	0	0	1	0	0	90	0	0	0	0	0	M	0	0	1	1	0	0	10309	20130022
655407	0	0	0	0	0	0	0	90	0	0	0	0	0	M	0	0	0	1	1	0	10310	20130022
655408	0	0	0	0	0	0	0	90	0	0	0	0	0	M	0	0	0	1	0	0	10311	20130022
655409	0	0	0	0	0	0	0	90	0	0	0	0	0	D	0	0	0	1	0	0	10315	20130022
655410	0	0	0	1	1	0	0	90	0	0	0	0	0	M	0	0	0	1	0	0	10316	20130022
655411	0	0	0	0	0	0	0	90	0	0	0	0	0	D	0	0	2	1	0	0	10317	20130022
655412	0	1	0	0	0	0	0	90	0	0	0	0	0	M	0	0	0	1	0	0	10319	20130022
655413	0	0	0	1	0	0	0	90	0	0	0	1	0	S	0	0	0	1	0	0	10323	20130022
655414	0	0	0	1	0	0	0	90	0	0	0	0	0	D	0	0	0	1	1	0	10324	20130022
655415	0	0	0	1	0	0	0	90	0	0	0	0	0	G	0	0	0	1	0	0	10325	20130022
655416	0	0	0	0	0	1	0	90	0	0	0	0	0	M	0	0	0	1	0	0	10326	20130022
655417	0	0	0	0	0	0	0	90	0	0	0	0	0	D	0	0	0	1	0	0	10328	20130022
655418	0	1	0	0	1	0	0	90	0	0	0	0	0	M	0	0	0	1	0	0	10331	20130022
655419	0	0	0	0	1	0	0	90	0	0	0	0	0	S	0	0	0	1	0	0	10332	20130022
655420	0	0	0	0	0	0	0	90	0	0	0	0	0	G	0	0	1	1	0	0	10333	20130022
655421	1	0	0	0	0	0	0	90	0	0	0	0	0	S	0	0	0	1	0	0	10334	20130022
655422	0	0	0	0	0	0	0	90	0	0	0	0	0	S	0	0	0	1	0	0	10335	20130022
655423	0	0	0	0	0	0	0	90	0	0	0	0	0	D	0	0	0	1	0	0	10336	20130022
655424	0	0	0	0	0	1	0	90	0	0	0	0	0	G	0	0	1	1	0	0	10901	20130022
655425	0	0	0	0	0	0	0	90	0	0	0	0	0	D	0	0	0	1	0	0	10904	20130022
655426	0	0	0	0	0	1	0	90	0	0	0	0	0	D	0	0	0	1	0	0	10905	20130022
655427	0	0	0	0	1	1	0	90	0	0	0	0	0	M	0	0	0	1	0	0	10906	20130022
655428	0	0	0	0	0	0	0	90	0	0	0	0	0	M	0	0	0	1	0	0	10907	20130022
655429	0	1	0	0	0	0	0	90	0	0	0	0	0	S	0	0	0	1	0	1	10911	20130022
655430	0	0	0	1	0	0	0	90	0	0	0	0	0	G	0	0	0	1	0	0	10912	20130022
655431	0	0	0	0	1	0	0	90	0	0	0	0	0	D	0	0	1	1	0	1	10914	20130022
655432	0	0	0	0	0	0	0	90	0	0	0	0	0	M	0	0	0	1	0	1	10915	20130022
655433	0	0	0	0	0	1	0	90	0	0	0	0	0	M	0	0	0	1	0	1	10917	20130022
655434	0	0	0	1	0	0	0	90	0	0	0	0	0	M	0	0	0	1	0	1	10920	20130022
655435	0	0	0	0	0	1	0	90	0	0	0	0	0	D	0	0	0	1	0	1	10921	20130022
655436	0	0	0	0	1	0	0	90	0	0	0	0	0	D	0	0	0	1	0	1	10922	20130022
655437	0	0	0	0	0	0	0	90	0	0	0	0	0	G	0	0	0	1	0	1	10924	20130022
655438	0	0	0	0	0	0	0	90	0	0	0	0	0	S	0	0	0	1	0	0	10927	20130022
655439	0	0	0	0	0	0	0	90	0	0	0	0	0	M	0	0	0	1	0	0	10931	20130022
655440	0	0	0	0	0	0	0	90	0	0	0	0	0	D	0	0	1	1	0	0	10937	20130022
655441	1	0	0	0	0	0	0	90	0	0	0	0	0	S	0	0	0	1	0	0	10938	20130022
655442	1	0	0	0	0	0	0	90	0	0	0	0	0	D	0	0	0	1	0	0	10994	20130022
655443	0	0	0	1	0	0	0	90	0	0	0	0	0	G	0	0	0	1	0	0	10501	20130023
655444	0	0	0	0	0	0	0	90	0	0	0	0	0	D	0	0	1	1	0	0	10503	20130023
655445	0	0	0	0	0	1	0	90	0	0	0	0	0	D	0	0	0	1	0	0	10505	20130023
655446	1	0	0	1	0	0	0	90	0	0	0	0	0	M	0	0	1	1	0	0	10506	20130023
655447	2	0	0	0	0	0	0	90	0	0	0	0	0	M	0	0	0	1	0	0	10507	20130023
655448	0	0	0	0	0	1	0	90	0	0	0	0	0	S	0	0	1	1	0	0	10508	20130023
655449	0	1	0	0	0	0	0	90	0	0	0	0	0	S	0	0	0	1	1	0	10509	20130023
655450	2	0	0	1	0	0	0	90	0	0	0	0	0	M	0	0	0	1	0	0	10510	20130023
655451	0	0	0	0	1	0	0	90	0	0	0	0	0	M	0	0	0	1	0	0	10511	20130023
655452	0	0	0	0	0	1	0	90	0	0	0	0	0	S	0	0	0	1	0	1	10514	20130023
655453	0	0	0	0	0	0	0	90	0	0	0	0	0	M	0	0	0	1	0	1	10515	20130023
655454	0	0	0	0	0	0	0	90	0	0	1	0	0	D	0	0	0	1	0	1	10517	20130023
655455	0	0	0	0	0	0	0	90	0	0	0	0	0	M	0	0	0	1	0	1	10518	20130023
655456	0	0	0	1	0	0	0	90	0	0	0	0	0	M	0	0	0	1	0	1	10519	20130023
655457	0	0	0	0	0	0	0	90	0	0	0	0	0	S	0	0	0	1	0	1	10520	20130023
655458	0	0	0	0	0	0	0	90	0	0	0	0	0	D	0	0	0	1	0	1	10521	20130023
655459	1	0	0	0	0	0	0	90	0	0	0	0	0	D	0	0	0	1	0	1	10522	20130023
655460	0	0	0	0	0	0	0	90	0	0	0	0	0	D	0	0	1	1	0	1	10526	20130023
655461	1	0	0	0	0	0	0	90	0	0	0	0	0	S	0	0	0	1	0	1	10527	20130023
655462	0	2	0	0	0	0	0	90	0	0	0	0	0	G	0	0	0	1	0	1	10528	20130023
655463	0	0	0	0	0	0	0	90	0	0	0	0	0	M	0	0	0	1	0	1	10529	20130023
655464	0	0	0	0	0	0	0	90	0	0	0	0	0	G	0	0	0	1	0	1	10533	20130023
655465	0	0	0	0	0	0	0	90	0	0	0	0	0	D	0	0	0	1	0	1	10534	20130023
655466	1	0	0	0	0	0	1	90	0	0	0	0	0	M	0	0	0	1	0	1	10538	20130023
655467	0	0	0	0	0	0	0	90	0	0	0	0	0	S	0	0	1	1	0	1	10589	20130023
655468	1	0	0	0	0	0	0	90	0	0	0	0	0	D	0	0	0	1	0	1	10591	20130023
655469	0	0	0	0	0	0	0	90	0	0	0	0	0	S	0	0	0	1	0	1	10594	20130023
655470	1	0	0	0	0	0	0	90	0	0	0	0	0	G	0	0	1	1	0	1	10596	20130023
655471	0	0	0	0	1	1	0	90	1	0	0	0	0	D	0	0	0	1	0	1	10703	20130023
655472	0	0	0	1	0	0	0	90	0	0	0	0	0	D	0	0	0	1	0	1	10704	20130023
655473	1	0	0	0	1	0	0	90	0	0	0	0	0	D	0	0	0	1	0	1	10706	20130023
655474	0	0	0	0	0	0	0	90	0	0	0	0	0	S	0	0	0	1	0	1	10709	20130023
655475	0	0	0	0	0	0	0	90	0	0	0	0	0	M	0	0	0	1	0	1	10710	20130023
655476	0	0	0	0	0	1	0	90	0	0	0	0	0	G	0	0	0	1	0	1	10712	20130023
655477	0	0	0	0	0	0	0	90	0	0	0	0	0	M	0	0	0	1	0	1	10715	20130023
655478	0	0	0	0	0	0	0	90	0	0	0	1	0	M	0	0	0	1	0	0	10719	20130023
655479	0	0	0	0	1	0	0	90	0	0	0	0	0	M	0	0	0	1	0	0	10720	20130023
655480	0	0	0	0	0	0	0	90	0	0	0	0	0	D	0	0	0	1	0	0	10721	20130023
655481	1	0	0	0	1	0	0	90	0	0	0	0	0	D	0	0	0	1	0	0	10722	20130023
655482	0	0	0	0	0	0	0	90	0	0	0	0	0	M	0	0	0	1	0	0	10728	20130023
655483	1	0	0	0	1	0	0	90	0	0	0	0	0	G	0	0	2	1	0	0	10730	20130023
655484	0	1	0	0	0	0	0	90	0	0	0	0	0	D	0	0	0	1	0	0	10733	20130023
655485	0	0	0	0	0	0	0	90	0	0	0	0	0	M	0	0	0	1	1	0	10734	20130023
655486	0	0	0	0	1	1	0	90	0	0	0	0	0	G	0	0	0	1	0	0	10736	20130023
655487	0	0	0	0	1	0	0	90	0	0	0	0	0	M	0	0	0	1	0	0	10741	20130023
655488	0	0	0	0	0	0	0	90	0	0	0	0	0	M	0	0	0	1	0	0	10742	20130023
655489	0	0	0	0	1	0	0	90	1	0	0	0	0	G	0	0	0	1	0	0	11001	20130024
655490	1	0	0	1	0	0	0	90	0	0	0	0	0	D	0	0	0	1	0	0	11002	20130024
655491	0	0	0	0	0	0	0	90	0	0	0	0	0	D	0	0	0	1	0	0	11003	20130024
655492	0	0	0	0	0	0	0	90	0	0	0	0	0	D	0	0	1	1	0	0	11004	20130024
655493	1	1	0	0	0	0	0	90	0	0	0	0	0	M	0	0	0	1	0	0	11005	20130024
655494	0	0	0	0	3	0	0	90	1	0	0	0	0	M	0	0	0	1	0	0	11006	20130024
655495	0	0	0	0	1	0	0	90	0	0	0	0	0	M	0	0	0	1	0	0	11008	20130024
655496	0	0	0	0	0	0	0	90	0	0	0	0	0	M	0	0	0	1	0	0	11010	20130024
655497	0	0	0	0	0	0	0	90	0	0	0	0	0	D	0	0	0	1	0	0	11013	20130024
655498	0	0	0	0	0	0	0	90	0	0	0	0	0	M	0	0	0	1	0	0	11014	20130024
655499	0	0	0	0	0	0	0	90	0	0	0	0	0	D	0	0	0	1	0	0	11017	20130024
655500	0	0	0	0	0	0	0	90	0	0	0	0	0	D	0	0	0	1	1	0	11019	20130024
655501	0	0	0	0	0	0	0	90	0	1	0	0	0	M	0	0	0	1	0	0	11020	20130024
655502	1	0	0	0	0	0	0	90	0	0	0	0	0	M	0	0	0	1	0	0	11022	20130024
655503	0	0	0	0	1	0	0	90	0	0	0	0	0	D	0	0	0	1	0	0	11024	20130024
655504	0	0	0	0	0	0	0	90	0	0	0	0	0	S	0	0	0	1	0	0	11025	20130024
655505	1	0	0	0	0	0	0	90	0	0	0	0	0	M	0	0	1	1	1	0	11027	20130024
655506	1	0	0	0	0	0	0	90	0	0	1	0	0	M	0	0	0	1	0	0	11077	20130024
655507	0	0	0	1	0	0	0	90	0	0	0	0	0	M	0	0	0	1	0	0	11092	20130024
655508	0	0	0	0	0	0	0	90	0	0	0	0	0	M	0	0	0	1	0	0	11099	20130024
655509	0	1	0	0	0	0	0	90	0	0	0	0	0	D	0	0	0	1	1	0	11302	20130024
655510	0	0	0	0	0	0	0	90	0	0	0	0	0	M	0	0	0	1	0	0	11308	20130024
655511	0	0	0	0	0	0	0	90	0	0	0	0	0	M	0	0	0	1	0	0	11309	20130024
655512	0	0	0	0	0	0	0	90	0	0	0	0	0	G	0	0	0	1	0	0	11313	20130024
655513	0	0	0	0	1	0	0	90	0	0	0	0	0	M	0	0	0	1	0	0	11316	20130024
655514	0	0	0	0	0	0	0	90	0	0	0	1	0	S	0	0	0	1	0	0	11317	20130024
655515	0	0	0	0	0	0	0	90	0	0	0	0	0	M	0	0	0	1	0	0	11318	20130024
655516	0	0	0	0	0	0	0	90	0	0	0	0	0	M	0	0	0	1	0	0	11319	20130024
655517	0	0	0	0	0	0	0	90	0	0	0	0	0	D	0	0	0	1	0	0	11320	20130024
655518	1	0	0	0	0	0	0	90	0	0	0	0	0	S	0	0	1	1	0	0	11322	20130024
655519	0	0	0	0	0	1	0	90	0	0	0	0	0	G	0	0	0	1	0	0	11323	20130024
655520	0	0	0	0	0	0	0	90	0	0	0	0	0	M	0	0	0	1	0	0	11329	20130024
655521	1	0	0	0	0	0	0	90	0	0	0	0	0	D	0	0	0	1	1	0	11330	20130024
655522	0	0	0	0	0	0	0	90	0	0	0	0	0	M	0	0	0	1	0	0	11331	20130024
655523	0	0	0	0	0	0	0	90	0	0	0	0	0	M	0	0	0	1	0	0	11333	20130024
655524	0	0	0	1	0	0	0	90	0	0	0	0	0	M	0	0	0	1	0	0	11394	20130024
655525	0	0	0	0	0	0	0	90	0	0	0	0	0	D	0	0	0	1	0	0	11395	20130024
655526	0	0	0	0	0	0	0	90	0	0	0	0	0	G	0	0	0	1	0	0	11101	20130025
655527	0	0	0	0	0	0	0	90	0	0	0	0	0	D	0	0	0	1	0	0	11103	20130025
655528	0	0	0	1	0	0	0	90	0	0	0	0	0	D	0	0	0	1	0	0	11104	20130025
655529	0	0	0	0	0	0	0	90	0	0	0	0	0	D	0	0	0	1	0	0	11107	20130025
655530	0	0	0	1	0	0	0	90	0	0	0	0	0	M	0	0	0	1	0	0	11108	20130025
655531	0	0	0	0	0	0	0	90	0	0	0	0	0	D	0	0	1	1	0	0	11109	20130025
655532	0	0	0	0	0	0	0	90	0	0	0	0	0	M	0	0	0	1	0	0	11110	20130025
655533	0	0	0	0	0	0	0	90	0	0	0	0	0	M	0	0	0	1	0	0	11111	20130025
655534	0	0	0	1	0	0	0	90	0	0	0	0	0	D	0	0	0	1	0	0	11113	20130025
655535	0	0	0	0	0	0	0	90	0	0	0	0	0	M	0	0	0	1	0	0	11115	20130025
655536	0	0	0	0	2	0	0	90	0	0	0	0	0	M	0	0	0	1	0	0	11116	20130025
655537	0	0	0	0	0	0	0	90	0	0	0	0	0	D	0	0	0	1	0	0	11117	20130025
655538	0	0	0	0	0	0	0	90	0	0	0	0	0	M	0	0	0	1	0	0	11118	20130025
655539	1	0	0	0	0	0	0	90	0	0	0	0	0	S	0	0	0	1	0	0	11120	20130025
655540	0	0	0	0	0	0	0	90	0	0	0	0	0	G	0	0	0	1	0	0	11124	20130025
655541	0	0	0	0	0	0	0	90	0	0	0	0	0	G	0	0	0	1	0	0	11126	20130025
655542	1	0	0	0	0	0	0	90	0	0	0	0	0	M	0	0	0	1	0	0	11127	20130025
655543	0	0	0	0	0	0	0	90	0	0	0	0	0	M	0	0	0	1	0	0	11129	20130025
655544	0	0	0	0	0	0	0	90	0	0	0	0	0	S	0	0	0	1	0	0	11133	20130025
655545	1	0	0	0	0	0	0	90	0	0	0	0	0	M	0	0	0	1	0	0	11139	20130025
655546	0	0	0	1	0	0	0	90	0	0	0	0	0	D	0	0	0	1	0	0	11144	20130025
655547	0	0	0	0	0	0	0	90	0	0	0	0	0	S	0	0	0	1	0	0	11158	20130025
655548	0	0	0	0	0	0	0	90	0	0	0	0	0	D	0	0	0	1	0	0	11188	20130025
655549	0	0	0	0	0	0	0	90	0	0	0	0	0	M	0	0	0	1	0	0	11199	20130025
655550	1	0	0	1	0	0	0	90	0	0	0	0	0	G	0	0	1	1	0	0	11501	20130025
655551	1	0	0	0	1	0	0	90	0	0	0	0	0	D	0	0	1	1	1	0	11502	20130025
655552	0	0	0	0	0	0	0	90	0	0	0	0	0	M	0	0	0	1	0	0	11505	20130025
655553	1	0	0	0	0	0	0	90	0	0	0	0	0	M	0	0	0	1	0	0	11506	20130025
655554	0	0	0	0	0	1	0	90	0	1	0	0	0	S	0	0	0	1	0	0	11507	20130025
655555	0	0	0	0	0	0	0	90	0	0	0	0	0	M	0	0	0	1	0	0	11508	20130025
655556	1	0	0	0	0	0	0	90	0	0	0	0	0	S	0	0	0	1	0	0	11509	20130025
655557	0	1	0	0	1	0	0	90	0	0	0	0	0	S	0	0	0	1	0	0	11511	20130025
655558	0	0	0	0	0	0	0	90	0	0	0	0	0	G	0	0	1	1	0	0	11512	20130025
655559	1	0	0	0	0	0	0	90	0	0	0	0	0	M	0	0	0	1	1	0	11514	20130025
655560	0	0	0	0	0	0	0	90	0	0	0	1	0	D	0	0	0	1	0	0	11515	20130025
655561	0	0	0	0	0	0	0	90	0	0	0	0	0	D	0	0	0	1	0	0	11520	20130025
655562	1	0	0	0	0	0	0	90	0	0	0	0	0	D	0	0	0	1	1	0	11521	20130025
655563	0	0	0	0	0	0	0	90	0	0	0	0	0	M	0	0	0	1	0	0	11522	20130025
655564	0	0	0	2	1	0	0	90	0	0	0	0	0	M	0	0	0	1	0	0	11524	20130025
655565	0	0	0	1	1	0	0	90	0	0	0	0	0	M	0	0	0	1	0	0	11527	20130025
655566	0	0	0	0	0	0	0	90	0	0	0	0	0	S	0	0	0	1	0	0	11529	20130025
655567	0	0	0	0	0	0	0	90	0	0	0	0	0	M	0	0	0	1	0	0	11532	20130025
655568	0	0	0	1	0	0	0	90	0	0	0	0	0	M	0	0	1	1	0	0	11534	20130025
655569	0	0	0	0	0	1	0	90	0	0	0	0	0	D	0	0	0	1	0	0	11544	20130025
655570	0	0	0	0	0	0	0	90	0	0	0	0	0	G	0	0	0	1	0	0	10201	20130026
655571	0	0	0	0	0	0	0	90	0	0	0	0	0	D	1	0	1	1	0	1	10202	20130026
655572	0	0	0	0	2	0	0	90	0	0	0	0	0	D	1	0	1	1	0	1	10204	20130026
655573	2	0	0	0	0	0	0	90	0	0	0	1	0	D	1	0	0	1	0	1	10205	20130026
655574	0	0	0	0	0	1	0	90	0	0	0	0	0	M	1	0	0	1	0	1	10206	20130026
655575	0	0	0	0	0	0	0	90	0	0	0	0	0	M	1	0	1	1	0	1	10208	20130026
655576	0	0	0	0	0	0	0	90	0	0	0	0	0	S	1	0	0	1	0	1	10210	20130026
655577	0	0	0	1	0	0	0	90	0	0	0	0	0	M	1	0	0	1	0	1	10211	20130026
655578	1	0	0	0	1	0	0	90	0	0	0	0	0	S	1	0	0	1	0	1	10213	20130026
655579	1	1	0	0	0	0	0	90	0	0	0	0	0	S	1	0	0	1	0	1	10214	20130026
655580	1	0	0	0	1	0	0	90	0	0	0	0	0	M	1	0	0	1	0	1	10215	20130026
655581	0	0	0	0	0	0	0	90	0	0	0	0	0	M	1	0	0	1	0	1	10216	20130026
655582	1	0	0	0	0	0	0	90	0	0	0	0	0	M	1	0	0	1	0	1	10217	20130026
655583	0	0	0	0	0	0	0	90	0	0	0	0	0	S	1	0	0	1	0	1	10218	20130026
655584	0	1	0	0	0	0	0	90	0	0	0	0	0	M	1	0	0	1	0	1	10219	20130026
655585	1	0	0	0	0	0	0	90	0	0	0	0	0	D	1	0	0	1	0	1	10220	20130026
655586	0	0	0	2	0	0	0	90	0	0	0	0	0	D	1	0	0	1	0	1	10221	20130026
655587	0	0	0	1	0	0	0	90	0	0	0	0	0	G	1	0	0	1	0	1	10222	20130026
655588	0	0	0	0	0	0	0	90	0	0	0	0	0	M	1	0	0	1	0	1	10223	20130026
655589	2	0	0	0	1	0	0	90	0	0	0	0	0	D	1	0	0	1	0	1	10225	20130026
655590	0	0	0	0	0	0	0	90	0	0	0	0	0	G	1	0	0	1	0	1	10227	20130026
655591	0	0	0	0	0	0	0	90	0	0	0	0	0	M	1	0	0	1	0	1	10228	20130026
655592	0	0	0	1	0	0	0	90	0	0	0	0	0	G	1	0	1	1	0	1	10231	20130026
655593	0	0	0	1	0	0	0	90	0	0	0	0	0	M	1	0	0	1	0	1	10232	20130026
655594	0	0	0	0	0	0	0	90	0	0	0	0	0	G	1	0	0	1	1	1	10233	20130026
655595	1	0	0	0	0	0	0	90	0	0	0	0	0	D	1	0	0	1	0	1	10235	20130026
655596	0	1	0	0	0	0	0	90	0	0	0	0	0	D	1	0	0	1	1	1	10238	20130026
655597	0	0	0	1	0	0	0	90	0	0	0	0	0	G	1	0	0	1	0	1	11201	20130026
655598	0	0	0	0	0	0	0	90	0	0	0	0	0	D	0	0	1	1	0	0	11203	20130026
655599	0	0	0	1	0	0	0	90	0	0	0	0	0	M	0	0	0	1	0	0	11205	20130026
655600	0	0	0	0	0	0	0	90	0	0	0	0	0	D	0	0	0	1	0	0	11206	20130026
655601	0	0	0	0	0	0	0	90	0	0	0	0	0	S	0	0	0	1	0	0	11207	20130026
655602	0	0	0	0	0	0	0	90	0	0	0	0	0	M	0	0	0	1	0	0	11209	20130026
655603	0	1	0	0	0	0	0	90	0	0	0	0	0	S	0	0	0	1	0	0	11210	20130026
655604	1	0	0	0	1	0	0	90	0	0	0	0	0	M	0	0	1	1	0	0	11213	20130026
655605	1	0	0	2	0	0	0	90	0	0	0	0	0	M	0	0	0	1	0	0	11214	20130026
655606	0	0	0	0	0	0	0	90	0	0	0	0	0	D	0	0	0	1	0	0	11217	20130026
655607	0	0	0	0	0	0	0	90	0	0	0	0	0	M	0	0	0	1	0	0	11218	20130026
655608	0	0	0	0	0	0	0	90	0	0	0	0	0	M	0	0	0	1	0	0	11220	20130026
655609	0	0	0	0	0	0	0	90	0	0	0	0	0	S	0	0	0	1	0	0	11222	20130026
655610	0	0	0	0	0	0	0	90	0	0	0	0	0	D	0	0	0	1	0	0	11223	20130026
655611	0	0	0	1	0	0	0	90	0	0	0	0	0	M	0	0	0	1	0	0	11225	20130026
655612	0	0	0	0	1	0	0	90	0	0	0	0	0	M	1	0	0	1	0	1	11226	20130026
655613	1	0	0	0	0	0	0	90	0	0	0	0	0	M	1	0	0	1	0	1	11227	20130026
655614	1	0	0	0	0	0	0	90	0	0	0	0	0	M	1	0	0	1	0	1	11228	20130026
655615	0	0	0	0	0	0	0	90	0	0	0	0	0	M	1	0	0	1	0	1	11230	20130026
458752	0	0	0	0	0	0	0	90	0	0	0	0	0	D	0	0	0	1	0	0	11602	20130011
458753	0	0	0	0	0	0	0	90	0	0	0	0	0	D	0	0	0	1	0	0	11603	20130011
458754	0	0	0	0	0	0	0	90	0	0	0	0	0	M	0	0	0	1	0	0	11604	20130011
458755	0	0	0	1	0	0	0	90	0	0	0	0	0	D	0	0	1	1	0	0	11605	20130011
458756	0	0	0	0	0	0	0	90	0	0	0	0	0	D	0	0	0	1	0	0	11606	20130011
458757	0	0	0	0	0	0	0	90	0	1	0	0	0	M	0	0	1	1	0	0	11607	20130011
458758	0	0	0	0	0	0	0	90	0	0	0	0	0	D	0	0	0	1	0	0	11608	20130011
458759	0	0	0	0	0	0	0	90	0	0	0	0	0	M	0	0	0	1	0	0	11609	20130011
458821	0	1	0	0	0	0	0	90	0	0	0	0	0	D	0	0	0	1	0	0	10534	20130012
458822	0	0	0	1	0	0	0	90	0	0	0	0	0	M	0	0	0	1	0	0	10538	20130012
458823	0	0	0	0	1	0	0	90	0	0	0	0	0	S	0	0	1	1	0	0	10589	20130012
458824	0	0	0	0	0	0	0	90	0	0	0	0	0	D	0	0	0	1	0	0	10591	20130012
458825	0	0	0	0	0	1	0	90	0	0	0	0	0	S	0	0	0	1	0	0	10594	20130012
458826	0	0	0	1	0	0	0	90	0	0	0	0	0	G	0	0	0	1	0	0	10596	20130012
458832	0	0	0	0	0	0	0	90	0	0	0	0	0	S	0	0	1	1	0	0	10608	20130012
655616	1	0	0	0	0	0	0	90	0	0	0	0	0	D	1	0	0	1	0	1	11244	20130026
655617	0	0	0	1	1	0	0	90	0	0	0	0	0	G	1	0	0	1	0	1	11284	20130026
655618	0	0	0	1	0	0	0	90	0	0	0	0	0	G	1	0	0	1	0	1	10801	20130027
655619	2	0	0	0	0	1	0	90	0	0	0	0	0	D	1	0	0	1	0	1	10802	20130027
655620	0	0	0	0	0	0	0	90	0	0	0	0	0	D	0	0	0	1	0	0	10805	20130027
655621	1	0	0	1	1	0	0	90	0	0	0	0	0	D	0	0	0	1	0	0	10806	20130027
655622	0	0	0	0	0	0	0	90	0	0	0	0	0	D	0	0	0	1	0	0	10807	20130027
655623	0	0	0	0	0	0	0	90	0	0	0	0	0	M	0	0	0	1	0	0	10808	20130027
655624	1	0	0	0	0	0	0	90	0	0	0	0	0	S	0	0	0	1	0	0	10809	20130027
655625	0	0	0	0	0	0	0	90	0	0	0	0	0	M	0	0	0	1	0	0	10810	20130027
655626	0	0	0	0	0	1	0	90	0	0	0	0	0	M	0	0	0	1	0	0	10811	20130027
655627	0	0	0	0	0	0	0	90	0	0	0	0	0	G	0	0	1	1	0	0	10812	20130027
655628	0	0	0	0	1	0	0	90	0	0	0	0	0	M	0	0	0	1	0	0	10813	20130027
655629	1	0	0	1	0	0	0	90	0	0	0	0	0	S	0	0	0	1	0	0	10814	20130027
655630	0	0	0	1	0	0	0	90	0	0	0	0	0	M	0	0	0	1	0	0	10816	20130027
655631	2	0	0	0	0	0	0	90	0	0	0	0	0	S	0	0	0	1	0	0	10815	20130027
655632	0	0	0	0	0	0	0	90	0	0	0	0	0	M	0	0	0	1	0	0	10817	20130027
655633	0	1	0	1	0	0	0	90	0	0	1	0	0	S	0	0	0	1	0	0	10820	20130027
655634	0	0	0	0	0	1	0	90	0	0	0	0	0	M	0	0	0	1	0	0	10821	20130027
655635	0	0	0	0	0	0	0	90	0	0	0	0	0	S	0	0	0	1	0	0	10823	20130027
655636	0	0	0	1	1	0	0	90	0	0	0	0	0	G	0	0	0	1	0	0	10824	20130027
655637	0	0	0	0	0	0	0	90	0	0	0	0	0	D	0	0	0	1	0	0	10826	20130027
655638	1	1	0	0	0	0	0	90	0	0	0	0	0	M	0	0	0	1	0	0	10827	20130027
655639	0	0	0	1	0	0	0	90	0	0	0	0	0	D	0	0	1	1	0	0	10828	20130027
655640	0	0	0	1	0	0	0	90	0	0	0	0	0	S	0	0	0	1	0	0	10829	20130027
655641	0	0	0	0	1	0	0	90	0	0	0	0	0	M	0	0	0	1	0	0	10830	20130027
655642	0	0	0	0	0	0	0	90	0	0	0	0	0	D	0	0	0	1	2	0	10832	20130027
655643	0	0	0	0	0	0	0	90	0	0	0	0	0	M	0	0	1	1	0	0	10837	20130027
655644	0	0	0	1	0	0	0	90	0	0	0	0	0	G	0	0	0	1	0	0	10840	20130027
655645	0	0	0	0	0	0	0	90	0	0	0	0	0	G	0	0	0	1	0	0	10887	20130027
655646	1	0	0	0	0	0	0	90	0	0	0	0	0	G	0	0	0	1	0	0	11401	20130027
655647	0	0	0	0	1	0	0	90	0	0	0	0	0	D	0	0	1	1	0	0	11402	20130027
655648	0	0	0	0	0	0	0	90	0	0	0	0	0	M	0	0	2	1	0	0	11404	20130027
655649	1	0	0	0	0	0	0	90	0	0	0	0	0	M	0	0	0	1	0	0	11405	20130027
655650	0	0	0	0	0	0	0	90	0	0	0	0	0	D	0	0	0	1	0	0	11406	20130027
655651	1	0	0	1	1	0	0	90	0	0	0	0	0	D	0	0	0	1	0	0	11407	20130027
655652	0	0	0	0	0	0	0	90	0	0	0	0	0	M	0	0	0	1	0	0	11408	20130027
655653	1	0	0	0	0	0	0	90	0	0	0	0	0	M	0	0	0	1	1	0	11409	20130027
655654	0	0	0	0	0	0	0	90	0	0	0	0	0	M	0	0	1	1	0	0	11410	20130027
655655	0	0	0	0	0	0	0	90	0	0	0	0	0	M	0	0	0	1	0	0	11411	20130027
655656	0	0	0	0	0	0	0	90	0	0	0	0	0	M	0	0	0	1	0	0	11413	20130027
655657	0	0	0	0	1	0	0	90	0	0	0	0	0	D	0	0	0	1	0	0	11417	20130027
655658	0	0	0	0	0	0	0	90	0	0	0	0	0	S	0	0	0	1	0	0	11418	20130027
655659	0	0	0	0	0	0	0	90	0	0	0	0	0	S	0	0	1	1	0	0	11420	20130027
655660	0	0	0	1	0	1	0	90	0	0	0	0	0	D	0	0	0	1	0	0	11421	20130027
655661	0	0	0	2	0	0	0	90	0	0	0	0	0	G	0	0	0	1	0	0	11425	20130027
655662	0	1	0	0	1	0	0	90	0	0	0	0	0	D	0	0	0	1	0	0	11426	20130027
655663	1	0	0	0	0	0	0	90	0	0	0	0	0	M	0	0	0	1	0	0	11427	20130027
655664	0	0	0	0	0	0	0	90	0	0	0	0	0	M	0	0	0	1	0	0	11428	20130027
655665	0	0	0	0	1	0	0	90	0	0	0	0	0	S	0	0	0	1	0	0	11429	20130027
655666	0	0	0	0	0	0	0	90	0	0	0	0	0	D	0	0	0	1	0	0	10102	20130028
655667	1	0	0	0	0	0	0	90	0	0	0	0	0	D	0	0	0	1	0	0	10103	20130028
655668	0	0	0	0	1	0	0	90	0	0	0	0	0	M	0	0	1	1	0	1	10105	20130028
655669	0	0	0	0	0	0	0	90	0	0	0	0	0	M	0	0	0	1	0	1	10106	20130028
655670	0	0	0	0	0	0	0	90	0	0	0	0	0	M	0	0	0	1	0	1	10107	20130028
655671	1	0	0	0	0	0	0	90	0	0	0	0	0	D	0	0	0	1	0	1	10108	20130028
655672	0	0	0	0	0	0	0	90	0	0	0	0	0	S	0	0	0	1	0	1	10109	20130028
655673	0	0	0	0	0	0	0	90	0	0	0	0	0	G	0	0	0	1	0	1	10112	20130028
655674	0	1	0	2	0	0	0	90	0	0	0	0	0	S	0	0	0	1	0	1	10113	20130028
655675	0	0	0	0	0	0	0	90	0	0	0	0	0	D	0	0	0	1	0	1	10114	20130028
655676	0	0	0	0	1	0	0	90	0	0	0	0	0	D	0	0	1	1	0	1	10115	20130028
655677	0	0	0	0	0	0	0	90	0	0	0	0	0	D	0	0	0	1	0	1	10117	20130028
655678	0	0	0	1	0	1	0	90	0	0	0	0	0	S	0	0	0	1	0	1	10118	20130028
655679	1	0	0	0	0	0	0	90	0	0	0	0	0	M	0	0	0	1	0	1	10119	20130028
655680	0	0	0	1	2	0	0	90	0	0	0	0	0	S	0	0	0	1	0	1	10120	20130028
655681	0	0	0	0	0	2	0	90	0	0	0	0	0	M	0	0	0	1	0	1	10121	20130028
655682	0	0	0	0	0	0	0	90	0	0	0	0	0	M	0	0	0	1	0	1	10122	20130028
655683	0	0	0	0	0	0	0	90	0	0	0	0	0	S	0	0	0	1	1	1	10124	20130028
655684	0	0	0	0	1	0	0	90	0	0	0	0	0	D	0	0	0	1	0	1	10125	20130028
655685	0	0	0	2	2	0	0	90	0	0	0	0	0	M	0	0	0	1	1	1	10127	20130028
655686	0	0	0	0	2	1	0	90	0	0	0	0	0	D	0	0	0	1	0	1	10128	20130028
655687	0	0	0	1	0	0	0	90	0	0	0	0	0	M	0	0	0	1	0	1	10132	20130028
655688	0	0	0	0	0	0	0	90	0	0	0	0	0	M	0	0	0	1	1	1	10133	20130028
655689	0	0	0	0	2	0	0	90	0	0	0	0	0	D	0	0	0	1	0	1	10134	20130028
655690	0	0	0	0	0	0	0	90	0	0	0	0	0	M	0	0	1	1	0	1	10135	20130028
655691	0	0	0	0	0	0	0	90	0	0	0	0	0	M	0	0	0	1	0	1	10137	20130028
655692	0	0	0	0	1	0	0	90	0	0	0	0	0	M	0	0	1	1	0	1	10177	20130028
655693	0	0	0	1	0	0	0	90	0	0	0	0	0	G	0	0	0	1	0	1	10184	20130028
655694	0	0	0	0	0	0	0	90	0	0	0	0	0	G	0	0	0	1	0	1	10191	20130028
655695	0	0	0	0	0	0	0	90	0	0	0	0	0	D	0	0	0	1	0	1	10193	20130028
655696	0	0	0	1	0	0	0	90	0	0	0	0	0	G	0	0	0	1	0	1	10401	20130028
655697	0	0	0	0	0	1	0	90	0	0	0	0	0	D	0	0	0	1	0	1	10404	20130028
655698	0	0	0	0	1	1	0	90	0	0	0	0	0	D	0	0	0	1	1	1	10405	20130028
655699	0	0	0	0	1	0	0	90	0	0	0	0	0	M	0	0	1	1	0	1	10406	20130028
655700	0	0	0	0	0	0	0	90	0	0	0	0	0	M	0	0	0	1	0	1	10409	20130028
655701	0	0	0	0	1	0	0	90	0	0	0	0	0	G	0	0	0	1	0	1	10412	20130028
655702	0	0	0	0	0	1	0	90	0	0	0	1	0	S	0	0	0	1	0	1	10413	20130028
655703	1	0	0	1	0	1	0	90	0	0	0	0	0	D	0	0	0	1	0	1	10414	20130028
655704	2	0	0	1	0	0	0	90	0	0	0	0	0	D	0	0	0	1	0	1	10415	20130028
655705	0	0	0	0	0	0	0	90	0	0	0	0	0	M	0	0	0	1	0	1	10416	20130028
655706	1	0	0	0	0	0	0	90	0	0	0	0	0	M	0	0	1	1	0	1	10417	20130028
655707	0	0	0	2	0	0	0	90	0	0	0	0	0	M	0	0	0	1	0	1	10418	20130028
655708	0	0	0	0	0	0	0	90	0	0	0	0	0	D	0	0	0	1	0	1	10421	20130028
655709	0	0	0	0	0	0	0	90	0	0	0	0	0	S	0	0	0	1	0	1	10422	20130028
655710	0	0	0	0	0	0	0	90	0	0	0	0	0	S	0	0	0	1	0	1	10424	20130028
655711	1	0	0	1	0	0	0	90	0	0	0	0	0	D	0	0	0	1	0	1	10425	20130028
655712	1	0	0	0	0	0	0	90	0	0	0	0	0	M	0	0	0	1	0	1	10426	20130028
655713	0	0	0	0	0	0	0	90	0	0	0	0	0	M	0	0	0	1	0	1	10427	20130028
655714	0	0	0	0	0	0	0	90	0	0	0	0	0	D	0	0	0	1	0	1	10428	20130028
655715	0	0	0	0	0	0	0	90	0	0	0	0	0	G	0	0	0	1	0	1	10429	20130028
655716	2	0	0	0	1	0	0	90	0	0	0	0	0	S	0	0	0	1	0	1	10430	20130028
655717	1	0	0	0	0	0	0	90	0	0	0	0	0	M	0	0	0	1	0	1	10431	20130028
458782	0	0	0	1	0	0	0	90	0	0	0	0	0	M	0	0	0	1	0	0	10310	20130011
458783	0	0	0	1	2	0	0	90	0	0	0	0	0	M	0	0	0	1	1	0	10311	20130011
458792	0	0	0	0	0	0	0	90	0	0	0	0	0	D	0	0	0	1	0	0	10328	20130011
458793	0	0	0	0	0	0	0	90	0	0	0	0	0	M	0	0	0	1	0	0	10331	20130011
458794	0	0	0	0	0	0	0	90	1	0	0	0	0	S	0	0	0	1	0	0	10332	20130011
458795	0	0	0	0	0	0	0	90	0	0	0	0	0	G	0	0	0	1	0	0	10333	20130011
458796	0	1	0	1	0	0	0	90	0	0	0	0	0	S	0	0	0	1	0	0	10334	20130011
458797	0	0	0	0	0	1	0	90	0	0	0	0	0	S	0	0	0	1	0	0	10335	20130011
458798	0	0	0	0	1	0	0	90	0	0	0	0	0	D	0	0	1	1	0	0	10336	20130011
458799	0	0	0	0	0	0	0	90	0	0	0	0	0	G	0	0	0	1	1	0	10501	20130012
458800	0	0	0	0	0	0	0	90	0	0	0	0	0	D	0	0	0	1	0	0	10503	20130012
458801	0	0	0	0	0	0	0	90	0	0	0	0	0	D	0	0	0	1	0	0	10505	20130012
458827	0	0	0	0	0	1	0	90	0	0	0	0	0	G	0	0	0	1	0	0	10601	20130012
458828	0	0	0	0	1	0	0	90	0	0	0	0	0	D	0	0	0	1	0	0	10602	20130012
458829	0	0	0	0	0	0	0	90	0	0	0	0	0	D	0	0	0	1	0	0	10605	20130012
458830	0	0	0	0	0	0	0	90	0	0	0	0	0	M	0	0	0	1	0	0	10606	20130012
458831	0	0	0	0	0	0	0	90	0	0	0	0	0	M	0	0	0	1	0	0	10607	20130012
458833	1	0	0	0	0	0	0	90	0	0	0	0	0	M	0	0	0	1	0	0	10609	20130012
458834	1	0	0	0	0	0	0	90	0	0	0	0	0	S	0	0	0	1	0	1	10610	20130012
458835	0	0	0	1	0	0	0	90	0	0	0	0	0	D	0	0	0	1	0	1	10613	20130012
458836	0	0	0	0	0	0	0	90	0	0	0	0	0	M	0	0	1	1	0	1	10614	20130012
458837	0	0	0	0	0	1	0	90	0	0	0	0	0	M	0	0	0	1	0	1	10615	20130012
458838	1	0	0	1	0	0	0	90	0	0	0	0	0	D	0	0	1	1	0	1	10618	20130012
458839	2	0	0	0	0	0	0	90	0	0	0	0	0	M	0	0	0	1	0	1	10619	20130012
458840	0	0	0	0	0	1	0	90	0	0	0	0	0	S	0	0	1	1	0	1	10620	20130012
458841	0	1	0	0	0	0	0	90	0	0	0	0	0	M	0	0	0	1	1	1	10625	20130012
458842	2	0	0	1	0	0	0	90	0	0	0	0	0	D	0	0	0	1	0	1	10627	20130012
458843	0	0	0	0	1	0	0	90	0	0	0	0	0	G	0	0	0	1	0	1	10683	20130012
458844	0	0	0	0	0	1	0	90	0	0	0	0	0	G	0	0	0	1	0	1	11001	20130013
458845	0	0	0	0	0	0	0	90	0	0	0	0	0	D	0	0	0	1	0	1	11002	20130013
458883	0	0	0	0	0	0	0	90	0	0	0	0	0	G	0	0	0	1	0	0	11101	20130014
458884	0	0	0	0	0	0	0	90	0	0	0	0	0	D	0	0	1	1	0	0	11103	20130014
458885	1	1	0	0	0	0	0	90	0	0	0	0	0	D	0	0	0	1	0	0	11104	20130014
458907	0	0	0	0	0	0	0	90	0	0	0	0	0	D	0	0	0	1	0	0	10703	20130014
458908	0	0	0	0	0	0	0	90	0	0	0	0	0	D	0	0	0	1	0	0	10704	20130014
458909	0	0	0	0	0	0	0	90	0	0	0	0	0	D	0	0	0	1	0	0	10706	20130014
458910	1	0	0	0	0	0	0	90	0	0	0	0	0	S	0	0	1	1	0	0	10709	20130014
458911	0	0	0	0	0	1	0	90	0	0	0	0	0	M	0	0	0	1	0	0	10710	20130014
458912	0	0	0	0	0	0	0	90	0	0	0	0	0	G	0	0	0	1	0	0	10712	20130014
458913	1	0	0	0	0	0	0	90	0	0	0	0	0	M	0	0	0	1	1	0	10715	20130014
458914	0	0	0	0	0	0	0	90	0	0	0	0	0	M	0	0	0	1	0	0	10719	20130014
458915	0	0	0	0	0	0	0	90	0	0	0	0	0	M	0	0	0	1	0	0	10720	20130014
458916	0	0	0	1	0	0	0	90	0	0	0	0	0	D	0	0	0	1	0	0	10721	20130014
458917	0	0	0	0	0	0	0	90	0	0	0	0	0	D	0	0	0	1	0	0	10722	20130014
458918	0	0	0	0	0	0	0	90	0	0	0	0	0	M	0	0	0	1	0	0	10728	20130014
458919	0	0	0	0	0	0	0	90	0	0	0	0	0	G	0	0	0	1	0	0	10730	20130014
458920	0	0	0	1	0	0	0	90	0	0	0	0	0	D	0	0	0	1	0	0	10733	20130014
458921	0	0	0	0	0	0	0	90	0	0	0	0	0	M	0	0	0	1	0	0	10734	20130014
458922	0	0	0	1	0	0	0	90	0	0	0	0	0	G	0	0	0	1	0	0	10736	20130014
458923	0	0	0	0	0	0	0	90	0	0	0	0	0	M	0	0	1	1	0	0	10741	20130014
458924	0	0	0	0	0	0	0	90	0	0	0	0	0	M	0	0	0	1	0	0	10742	20130014
458925	0	0	0	0	0	0	0	90	0	0	0	0	0	G	0	0	0	1	0	0	10201	20130015
458926	0	0	0	1	0	0	0	90	0	0	0	0	0	D	0	0	0	1	0	0	10202	20130015
458952	0	0	0	0	0	0	0	90	0	0	0	1	0	D	0	0	0	1	0	0	11302	20130015
458953	0	0	0	0	0	0	0	90	0	0	0	0	0	M	0	0	0	1	0	0	11308	20130015
458954	1	0	0	0	0	0	0	90	0	0	0	0	0	M	0	0	0	1	1	0	11309	20130015
458969	0	0	0	1	0	0	0	90	0	0	0	0	0	G	0	0	0	1	0	0	10801	20130016
458970	1	0	0	0	1	0	0	90	0	0	0	0	0	D	0	0	0	1	0	0	10802	20130016
458971	1	1	0	0	0	0	0	90	0	0	0	0	0	D	0	0	0	1	0	0	10805	20130016
458972	1	0	0	0	1	0	0	90	0	0	0	0	0	D	0	0	0	1	0	0	10806	20130016
458973	0	0	0	0	0	0	0	90	0	0	0	0	0	D	0	0	0	1	0	0	10807	20130016
458974	1	0	0	0	0	0	0	90	0	0	0	0	0	M	0	0	0	1	0	0	10808	20130016
458975	0	0	0	0	0	0	0	90	0	0	0	0	0	S	0	0	0	1	0	0	10809	20130016
458976	0	1	0	0	0	0	0	90	0	0	0	0	0	M	0	0	0	1	0	0	10810	20130016
458977	1	0	0	0	0	0	0	90	0	0	0	0	0	M	0	0	0	1	0	0	10811	20130016
458978	0	0	0	2	0	0	0	90	0	0	0	0	0	G	0	0	0	1	0	0	10812	20130016
458979	0	0	0	1	0	0	0	90	0	0	0	0	0	M	0	0	0	1	0	0	10813	20130016
458980	0	0	0	0	0	0	0	90	0	0	0	0	0	S	0	0	0	1	0	0	10814	20130016
458981	2	0	0	0	1	0	0	90	0	0	0	0	0	M	0	0	0	1	0	0	10816	20130016
458982	0	0	0	0	0	0	0	90	0	0	0	0	0	S	0	0	0	1	0	0	10815	20130016
458983	0	0	0	0	0	0	0	90	0	0	0	0	0	M	0	0	0	1	0	0	10817	20130016
458984	0	0	0	1	0	0	0	90	0	0	0	0	0	S	0	0	1	1	0	0	10820	20130016
458997	1	0	0	2	0	0	0	90	0	0	0	0	0	G	0	0	0	1	0	0	11501	20130016
458998	0	0	0	0	0	0	0	90	0	0	0	0	0	D	0	0	0	1	0	0	11502	20130016
458999	0	0	0	0	0	0	0	90	0	0	0	0	0	M	0	0	0	1	0	0	11505	20130016
459000	0	0	0	0	0	0	0	90	0	0	0	0	0	M	0	0	0	1	0	0	11506	20130016
459001	0	0	0	0	0	0	0	90	0	0	0	0	0	S	0	0	0	1	0	0	11507	20130016
459002	0	0	0	0	0	0	0	90	0	0	0	0	0	M	0	0	0	1	0	0	11508	20130016
459047	0	0	0	0	0	0	0	90	0	0	0	0	0	G	0	0	0	1	0	0	11201	20130017
459048	0	0	0	0	0	0	0	90	0	0	0	0	0	D	0	0	0	1	0	0	11203	20130017
459049	0	0	0	0	1	0	0	90	0	0	0	0	0	M	0	0	0	1	0	0	11205	20130017
459050	0	0	0	0	0	0	0	90	0	0	0	0	0	D	0	0	0	1	0	0	11206	20130017
459051	0	0	0	0	0	0	0	90	0	0	0	0	0	S	0	0	1	1	0	0	11207	20130017
459052	0	0	0	1	0	1	0	90	0	0	0	0	0	M	0	0	0	1	0	0	11209	20130017
459053	0	0	0	2	0	0	0	90	0	0	0	0	0	S	0	0	0	1	0	0	11210	20130017
459054	0	1	0	0	1	0	0	90	0	0	0	0	0	M	0	0	0	1	0	0	11213	20130017
459055	1	0	0	0	0	0	0	90	0	0	0	0	0	M	0	0	0	1	0	0	11214	20130017
459056	0	0	0	0	0	0	0	90	0	0	0	0	0	D	0	0	0	1	0	0	11217	20130017
459057	0	0	0	0	1	0	0	90	0	0	0	0	0	M	0	0	0	1	0	0	11218	20130017
459058	0	0	0	0	0	0	0	90	0	0	0	0	0	M	0	0	0	1	0	0	11220	20130017
459059	1	0	0	0	0	0	0	90	0	0	0	0	0	S	0	0	0	1	0	0	11222	20130017
459060	0	0	0	0	1	0	0	90	0	0	0	0	0	D	0	0	1	1	0	0	11223	20130017
459061	0	0	0	0	0	0	0	90	0	0	0	0	0	M	0	0	0	1	0	0	11225	20130017
459062	0	0	0	0	0	0	0	90	0	0	0	0	0	M	0	0	0	1	0	0	11226	20130017
459063	1	0	0	0	0	0	0	90	0	0	0	0	0	M	0	0	0	1	0	0	11227	20130017
459064	0	0	0	0	0	0	0	90	0	0	0	0	0	M	0	0	0	1	0	0	11228	20130017
459065	0	0	0	0	0	0	0	90	0	0	0	0	0	M	0	0	0	1	0	0	11230	20130017
459066	0	1	0	2	0	0	0	90	0	0	0	0	0	D	0	0	0	1	0	0	11244	20130017
459067	0	0	0	0	0	0	0	90	0	0	0	0	0	G	0	0	0	1	0	0	11284	20130017
459068	0	0	0	0	1	0	0	90	0	0	0	0	0	G	0	0	1	1	0	0	10401	20130018
459069	0	0	0	0	0	0	0	90	0	0	0	0	0	D	0	0	0	1	0	0	10404	20130018
459070	0	0	0	1	0	1	0	90	0	0	0	0	0	D	0	0	0	1	0	0	10405	20130018
459071	1	0	0	0	0	0	0	90	0	0	0	0	0	M	0	0	0	1	0	0	10406	20130018
458850	0	0	0	0	0	0	0	90	0	0	0	0	0	M	0	0	0	1	0	1	11008	20130013
458851	1	0	0	0	0	0	0	90	0	0	0	0	0	M	0	0	0	1	0	1	11010	20130013
458852	0	0	0	0	0	0	0	90	0	0	0	0	0	D	0	0	1	1	0	1	11013	20130013
458853	1	0	0	0	0	0	0	90	0	0	0	0	0	M	0	0	0	1	0	1	11014	20130013
458854	0	2	0	0	0	0	0	90	0	0	0	0	0	D	0	0	0	1	0	1	11017	20130013
458855	0	0	0	0	0	0	0	90	0	0	0	0	0	D	0	0	0	1	0	1	11019	20130013
458856	0	0	0	0	0	0	0	90	0	0	0	0	0	M	0	0	0	1	0	1	11020	20130013
458857	0	0	0	0	0	0	0	90	0	0	0	0	0	M	0	0	0	1	0	1	11022	20130013
458864	0	0	0	1	0	0	0	90	0	0	0	0	0	G	0	0	0	1	0	1	10901	20130013
458802	0	0	0	1	1	0	0	90	0	0	0	0	0	M	0	0	0	1	0	0	10506	20130012
458803	0	0	0	0	0	0	0	90	0	0	0	0	0	M	0	0	2	1	0	0	10507	20130012
458804	0	1	0	0	0	0	0	90	0	0	0	0	0	S	0	0	0	1	0	0	10508	20130012
458805	0	0	0	1	0	0	0	90	0	0	0	1	0	S	0	0	0	1	0	0	10509	20130012
458806	0	0	0	1	0	0	0	90	0	0	0	0	0	M	0	0	0	1	1	0	10510	20130012
458807	0	0	0	1	0	0	0	90	0	0	0	0	0	M	0	0	0	1	0	0	10511	20130012
458808	0	0	0	0	0	1	0	90	0	0	0	0	0	S	0	0	0	1	0	0	10514	20130012
458809	0	0	0	0	0	0	0	90	0	0	0	0	0	M	0	0	0	1	0	0	10515	20130012
458846	0	0	0	0	0	0	0	90	0	0	1	0	0	D	0	0	0	1	0	1	11003	20130013
458847	0	0	0	0	0	0	0	90	0	0	0	0	0	D	0	0	0	1	0	1	11004	20130013
458848	0	0	0	1	0	0	0	90	0	0	0	0	0	M	0	0	0	1	0	1	11005	20130013
458849	0	0	0	0	0	0	0	90	0	0	0	0	0	M	0	0	0	1	0	1	11006	20130013
458865	1	0	0	0	1	0	0	90	0	0	0	0	0	D	0	0	0	1	0	1	10904	20130013
458866	0	0	0	0	0	0	0	90	0	0	0	0	0	D	0	0	0	1	0	1	10905	20130013
458867	0	0	0	0	0	0	0	90	0	0	0	0	0	M	0	0	0	1	0	1	10906	20130013
458868	0	0	0	0	0	1	0	90	0	0	0	0	0	M	0	0	0	1	0	1	10907	20130013
458869	0	0	0	0	0	0	0	90	0	0	0	0	0	S	0	0	0	1	0	1	10911	20130013
458870	0	0	0	0	0	0	0	90	0	0	0	1	0	G	0	0	0	1	0	1	10912	20130013
458871	0	0	0	0	1	0	0	90	0	0	0	0	0	D	0	0	0	1	0	0	10914	20130013
458872	0	0	0	0	0	0	0	90	0	0	0	0	0	M	0	0	0	1	0	0	10915	20130013
458873	1	0	0	0	1	0	0	90	0	0	0	0	0	M	0	0	0	1	0	0	10917	20130013
458874	0	0	0	0	0	0	0	90	0	0	0	0	0	M	0	0	0	1	0	0	10920	20130013
458875	1	0	0	0	1	0	0	90	0	0	0	0	0	D	0	0	2	1	0	0	10921	20130013
458876	0	1	0	0	0	0	0	90	0	0	0	0	0	D	0	0	0	1	0	0	10922	20130013
458877	0	0	0	0	0	0	0	90	0	0	0	0	0	G	0	0	0	1	1	0	10924	20130013
458878	0	0	0	0	1	1	0	90	0	0	0	0	0	S	0	0	0	1	0	0	10927	20130013
458879	0	0	0	0	1	0	0	90	0	0	0	0	0	M	0	0	0	1	0	0	10931	20130013
458880	0	0	0	0	0	0	0	90	0	0	0	0	0	D	0	0	0	1	0	0	10937	20130013
458881	0	0	0	0	1	0	0	90	1	0	0	0	0	S	0	0	0	1	0	0	10938	20130013
458886	0	0	0	0	3	0	0	90	1	0	0	0	0	D	0	0	0	1	0	0	11107	20130014
458887	0	0	0	0	1	0	0	90	0	0	0	0	0	M	0	0	0	1	0	0	11108	20130014
458888	0	0	0	0	0	0	0	90	0	0	0	0	0	D	0	0	0	1	0	0	11109	20130014
458889	0	0	0	0	0	0	0	90	0	0	0	0	0	M	0	0	0	1	0	0	11110	20130014
458890	0	0	0	0	0	0	0	90	0	0	0	0	0	M	0	0	0	1	0	0	11111	20130014
458858	1	0	0	0	0	0	1	90	0	0	0	0	0	D	0	0	0	1	0	1	11024	20130013
458859	0	0	0	0	0	0	0	90	0	0	0	0	0	S	0	0	1	1	0	1	11025	20130013
458860	1	0	0	0	0	0	0	90	0	0	0	0	0	M	0	0	0	1	0	1	11027	20130013
458861	0	0	0	0	0	0	0	90	0	0	0	0	0	M	0	0	0	1	0	1	11077	20130013
458862	1	0	0	0	0	0	0	90	0	0	0	0	0	M	0	0	1	1	0	1	11092	20130013
458863	0	0	0	0	1	1	0	90	1	0	0	0	0	M	0	0	0	1	0	1	11099	20130013
458927	0	0	0	0	0	0	0	90	0	0	0	0	0	D	0	0	0	1	0	0	10204	20130015
458928	0	0	0	0	2	0	0	90	0	0	0	0	0	D	0	0	0	1	0	0	10205	20130015
458929	0	0	0	0	0	0	0	90	0	0	0	0	0	M	0	0	0	1	0	0	10206	20130015
458930	0	0	0	0	0	0	0	90	0	0	0	0	0	M	0	0	0	1	0	0	10208	20130015
458931	1	0	0	0	0	0	0	90	0	0	0	0	0	S	0	0	0	1	0	0	10210	20130015
458932	0	0	0	0	0	0	0	90	0	0	0	0	0	M	0	0	0	1	0	0	10211	20130015
458933	0	0	0	0	0	0	0	90	0	0	0	0	0	S	0	0	0	1	0	0	10213	20130015
458934	1	0	0	0	0	0	0	90	0	0	0	0	0	S	0	0	0	1	0	0	10214	20130015
458935	0	0	0	0	0	0	0	90	0	0	0	0	0	M	0	0	0	1	0	0	10215	20130015
458936	0	0	0	0	0	0	0	90	0	0	0	0	0	M	0	0	0	1	0	0	10216	20130015
458937	1	0	0	0	0	0	0	90	0	0	0	0	0	M	0	0	0	1	0	0	10217	20130015
458938	0	0	0	1	0	0	0	90	0	0	0	0	0	S	0	0	0	1	0	0	10218	20130015
458939	0	0	0	0	0	0	0	90	0	0	0	0	0	M	0	0	0	1	0	0	10219	20130015
458940	0	0	0	0	0	0	0	90	0	0	0	0	0	D	0	0	0	1	0	0	10220	20130015
458941	0	0	0	0	0	0	0	90	0	0	0	0	0	D	0	0	0	1	0	0	10221	20130015
458955	0	0	0	0	0	0	0	90	0	0	0	0	0	G	0	0	0	1	0	0	11313	20130015
458956	0	0	0	2	1	0	0	90	0	0	0	0	0	M	0	0	0	1	0	0	11316	20130015
458957	0	0	0	1	1	0	0	90	0	0	0	0	0	S	0	0	0	1	0	0	11317	20130015
458958	0	0	0	0	0	0	0	90	0	0	0	0	0	M	0	0	0	1	0	0	11318	20130015
458959	0	0	0	0	0	0	0	90	0	0	0	0	0	M	0	0	0	1	0	0	11319	20130015
458960	0	0	0	1	0	0	0	90	0	0	0	0	0	D	0	0	1	1	0	0	11320	20130015
458961	0	0	0	0	0	1	0	90	0	0	0	0	0	S	0	0	0	1	0	0	11322	20130015
458962	0	0	0	0	0	0	0	90	0	0	0	0	0	G	0	0	0	1	0	0	11323	20130015
458963	0	0	0	0	0	0	0	90	0	0	0	0	0	M	0	0	1	1	0	0	11329	20130015
458964	0	0	0	0	2	0	0	90	0	0	0	0	0	D	0	0	1	1	0	0	11330	20130015
458965	2	0	0	0	0	0	0	90	0	0	0	1	0	M	0	0	0	1	0	0	11331	20130015
458966	0	0	0	0	0	1	0	90	0	0	0	0	0	M	0	0	0	1	0	0	11333	20130015
458967	0	0	0	0	0	0	0	90	0	0	0	0	0	M	0	0	1	1	0	0	11394	20130015
458968	0	0	0	0	0	0	0	90	0	0	0	0	0	D	0	0	0	1	0	0	11395	20130015
458985	0	0	0	1	0	0	0	90	0	0	0	0	0	M	0	0	0	1	0	0	10821	20130016
458986	0	0	0	0	0	0	0	90	0	0	0	0	0	S	0	0	0	1	1	0	10823	20130016
458987	1	0	0	0	0	0	0	90	0	0	0	0	0	G	0	0	0	1	0	0	10824	20130016
458988	0	1	0	0	0	0	0	90	0	0	0	0	0	D	0	0	0	1	1	0	10826	20130016
458989	0	0	0	1	0	0	0	90	0	0	0	0	0	M	0	0	0	1	0	0	10827	20130016
458990	0	0	0	0	0	0	0	90	0	0	0	0	0	D	0	0	1	1	0	0	10828	20130016
458991	0	0	0	1	0	0	0	90	0	0	0	0	0	S	0	0	0	1	0	0	10829	20130016
458992	0	0	0	0	0	0	0	90	0	0	0	0	0	M	0	0	0	1	0	0	10830	20130016
458993	0	0	0	0	0	0	0	90	0	0	0	0	0	D	0	0	0	1	0	0	10832	20130016
458994	0	0	0	0	0	0	0	90	0	0	0	0	0	M	0	0	0	1	0	0	10837	20130016
458995	0	1	0	0	0	0	0	90	0	0	0	0	0	G	0	0	0	1	0	0	10840	20130016
458996	1	0	0	0	1	0	0	90	0	0	0	0	0	G	0	0	1	1	0	0	10887	20130016
459003	0	0	0	1	0	0	0	90	0	0	0	0	0	S	0	0	0	1	0	0	11509	20130016
459004	0	0	0	0	1	0	0	90	0	0	0	0	0	S	0	0	0	1	0	0	11511	20130016
459017	0	0	0	0	0	0	0	90	0	0	0	0	0	D	0	0	0	1	0	0	10102	20130017
459018	0	0	0	0	0	1	0	90	0	0	0	0	0	D	0	0	0	1	0	0	10103	20130017
459019	0	0	0	0	0	0	0	90	0	0	0	0	0	M	0	0	1	1	0	0	10105	20130017
459020	0	0	0	0	1	0	0	90	0	0	0	0	0	M	0	0	0	1	0	0	10106	20130017
459021	1	0	0	1	0	0	0	90	0	0	0	0	0	M	0	0	0	1	0	0	10107	20130017
459022	0	0	0	1	0	0	0	90	0	0	0	0	0	D	0	0	0	1	0	0	10108	20130017
459023	2	0	0	0	0	0	0	90	0	0	0	0	0	S	0	0	0	1	0	0	10109	20130017
459024	0	0	0	0	0	0	0	90	0	0	0	0	0	G	0	0	0	1	0	0	10112	20130017
459025	0	1	0	1	0	0	0	90	0	0	1	0	0	S	0	0	0	1	0	0	10113	20130017
459026	0	0	0	0	0	1	0	90	0	0	0	0	0	D	0	0	0	1	0	0	10114	20130017
459027	0	0	0	0	0	0	0	90	0	0	0	0	0	D	0	0	0	1	0	0	10115	20130017
459028	0	0	0	1	1	0	0	90	0	0	0	0	0	D	0	0	0	1	0	0	10117	20130017
459072	0	0	0	1	2	0	0	90	0	0	0	0	0	M	0	0	0	1	0	0	10409	20130018
459073	0	0	0	0	0	2	0	90	0	0	0	0	0	G	0	0	0	1	0	0	10412	20130018
459074	0	0	0	0	0	0	0	90	0	0	0	0	0	S	0	0	0	1	0	0	10413	20130018
459075	0	0	0	0	0	0	0	90	0	0	0	0	0	D	0	0	0	1	1	0	10414	20130018
459076	0	0	0	0	1	0	0	90	0	0	0	0	0	D	0	0	0	1	0	0	10415	20130018
459077	0	0	0	2	2	0	0	90	0	0	0	0	0	M	0	0	0	1	1	0	10416	20130018
459078	0	0	0	0	2	1	0	90	0	0	0	0	0	M	0	0	0	1	0	0	10417	20130018
459079	0	0	0	1	0	0	0	90	0	0	0	0	0	M	0	0	0	1	0	0	10418	20130018
459080	0	0	0	0	0	0	0	90	0	0	0	0	0	D	0	0	0	1	1	0	10421	20130018
459081	0	0	0	0	2	0	0	90	0	0	0	0	0	S	0	0	0	1	0	0	10422	20130018
459082	0	0	0	0	0	0	0	90	0	0	0	0	0	S	0	0	1	1	0	0	10424	20130018
459083	0	0	0	0	0	0	0	90	0	0	0	0	0	D	0	0	0	1	0	0	10425	20130018
459084	0	0	0	0	1	0	0	90	0	0	0	0	0	M	0	0	1	1	0	0	10426	20130018
459085	0	0	0	1	0	0	0	90	0	0	0	0	0	M	0	0	0	1	0	0	10427	20130018
459086	0	0	0	0	0	0	0	90	0	0	0	0	0	D	0	0	0	1	0	0	10428	20130018
459087	0	0	0	0	0	0	0	90	0	0	0	0	0	G	0	0	0	1	0	0	10429	20130018
459088	0	0	0	1	0	0	0	90	0	0	0	0	0	S	0	0	0	1	0	0	10430	20130018
459089	0	0	0	0	0	1	0	90	0	0	0	0	0	M	0	0	0	1	0	0	10431	20130018
459090	0	0	0	0	1	1	0	90	0	0	0	0	0	G	0	0	0	1	1	0	11401	20130018
459091	0	0	0	0	1	0	0	90	0	0	0	0	0	D	0	0	1	1	0	0	11402	20130018
459092	0	0	0	0	0	0	0	90	0	0	0	0	0	M	0	0	0	1	0	0	11404	20130018
459093	0	0	0	0	1	0	0	90	0	0	0	0	0	M	0	0	0	1	0	0	11405	20130018
459094	0	0	0	0	0	1	0	90	0	0	0	1	0	D	0	0	0	1	0	0	11406	20130018
459095	1	0	0	1	0	1	0	90	0	0	0	0	0	D	0	0	0	1	0	0	11407	20130018
459096	2	0	0	1	0	0	0	90	0	0	0	0	0	M	0	0	0	1	0	0	11408	20130018
459097	0	0	0	0	0	0	0	90	0	0	0	0	0	M	0	0	0	1	0	0	11409	20130018
459098	1	0	0	0	0	0	0	90	0	0	0	0	0	M	0	0	1	1	0	0	11410	20130018
459099	0	0	0	2	0	0	0	90	0	0	0	0	0	M	0	0	0	1	0	0	11411	20130018
459100	0	0	0	0	0	0	0	90	0	0	0	0	0	M	0	0	0	1	0	0	11413	20130018
459101	0	0	0	0	0	0	0	90	0	0	0	0	0	D	0	0	0	1	0	0	11417	20130018
459102	0	0	0	0	0	0	0	90	0	0	0	0	0	S	0	0	0	1	0	0	11418	20130018
459103	1	0	0	1	0	0	0	90	0	0	0	0	0	S	0	0	0	1	0	0	11420	20130018
459104	1	0	0	0	0	0	0	90	0	0	0	0	0	D	0	0	0	1	0	0	11421	20130018
459105	0	0	0	0	0	0	0	90	0	0	0	0	0	G	0	0	0	1	0	0	11425	20130018
459106	0	0	0	0	0	0	0	90	0	0	0	0	0	D	0	0	0	1	0	0	11426	20130018
459107	0	0	0	0	0	0	0	90	0	0	0	0	0	M	0	0	0	1	0	0	11427	20130018
459108	2	0	0	0	1	0	0	90	0	0	0	0	0	M	0	0	0	1	0	0	11428	20130018
459109	1	0	0	0	0	0	0	90	0	0	0	0	0	S	0	0	0	1	0	0	11429	20130018
\.


--
-- Data for Name: realworld__round; Type: TABLE DATA; Schema: public; Owner: dlu
--

COPY realworld__round (id, number, season, status, league_id) FROM stdin;
65538	3	2013	UNSTARTED	32768
65539	4	2013	UNSTARTED	32768
65540	5	2013	UNSTARTED	32768
65541	6	2013	UNSTARTED	32768
65542	7	2013	UNSTARTED	32768
65543	8	2013	UNSTARTED	32768
65544	9	2013	UNSTARTED	32768
65545	10	2013	UNSTARTED	32768
65546	11	2013	UNSTARTED	32768
65547	12	2013	UNSTARTED	32768
65548	13	2013	UNSTARTED	32768
65549	14	2013	UNSTARTED	32768
65550	15	2013	UNSTARTED	32768
65551	16	2013	UNSTARTED	32768
65552	17	2013	UNSTARTED	32768
65553	18	2013	UNSTARTED	32768
65554	19	2013	UNSTARTED	32768
65555	20	2013	UNSTARTED	32768
65556	21	2013	UNSTARTED	32768
65557	22	2013	UNSTARTED	32768
65558	23	2013	UNSTARTED	32768
65559	24	2013	UNSTARTED	32768
65560	25	2013	UNSTARTED	32768
65561	26	2013	UNSTARTED	32768
65562	27	2013	UNSTARTED	32768
65563	28	2013	UNSTARTED	32768
65564	29	2013	UNSTARTED	32768
65565	30	2013	UNSTARTED	32768
65536	1	2013	FINISHED	32768
65537	2	2013	FINISHED	32768
\.


--
-- Data for Name: realworld__team; Type: TABLE DATA; Schema: public; Owner: dlu
--

COPY realworld__team (id, name, league_id) FROM stdin;
1	Legia Warszawa	32768
2	Lech Poznań	32768
3	Śląsk Wrocław	32768
4	Piast Gliwice	32768
5	Górnik Zabrze	32768
6	Zawisza Bydgoszcz	32768
7	Wisła Kraków	32768
8	Lechia Gdańsk	32768
9	Zagłębie Lubin	32768
10	Jagiellonia Białystok	32768
11	Korona Kielce	32768
12	Pogoń Szczecin	32768
13	Widzew Łódź	32768
14	Podbeskidzie Bielsko-Biała	32768
15	Ruch Chorzów	32768
16	Cracovia	32768
\.


--
-- Name: auth__player_pkey; Type: CONSTRAINT; Schema: public; Owner: dlu; Tablespace: 
--

ALTER TABLE ONLY auth__player
    ADD CONSTRAINT auth__player_pkey PRIMARY KEY (id);


--
-- Name: dreamworld__price_pkey; Type: CONSTRAINT; Schema: public; Owner: dlu; Tablespace: 
--

ALTER TABLE ONLY dreamworld__price
    ADD CONSTRAINT dreamworld__price_pkey PRIMARY KEY (id);


--
-- Name: dreamworld__prize_pkey; Type: CONSTRAINT; Schema: public; Owner: dlu; Tablespace: 
--

ALTER TABLE ONLY dreamworld__prize
    ADD CONSTRAINT dreamworld__prize_pkey PRIMARY KEY (id);


--
-- Name: dreamworld__virtualleague__athlete_pkey; Type: CONSTRAINT; Schema: public; Owner: dlu; Tablespace: 
--

ALTER TABLE ONLY dreamworld__virtualleague__athlete
    ADD CONSTRAINT dreamworld__virtualleague__athlete_pkey PRIMARY KEY (id);


--
-- Name: dreamworld__virtualleague_pkey; Type: CONSTRAINT; Schema: public; Owner: dlu; Tablespace: 
--

ALTER TABLE ONLY dreamworld__virtualleague
    ADD CONSTRAINT dreamworld__virtualleague_pkey PRIMARY KEY (id);


--
-- Name: dreamworld__virtualteam__athl_virtual_team_id_virtual_athle_key; Type: CONSTRAINT; Schema: public; Owner: dlu; Tablespace: 
--

ALTER TABLE ONLY dreamworld__virtualteam__athlete
    ADD CONSTRAINT dreamworld__virtualteam__athl_virtual_team_id_virtual_athle_key UNIQUE (virtual_team_id, virtual_athlete_id);


--
-- Name: dreamworld__virtualteam__athlete_pkey; Type: CONSTRAINT; Schema: public; Owner: dlu; Tablespace: 
--

ALTER TABLE ONLY dreamworld__virtualteam__athlete
    ADD CONSTRAINT dreamworld__virtualteam__athlete_pkey PRIMARY KEY (id);


--
-- Name: dreamworld__virtualteam_pkey; Type: CONSTRAINT; Schema: public; Owner: dlu; Tablespace: 
--

ALTER TABLE ONLY dreamworld__virtualteam
    ADD CONSTRAINT dreamworld__virtualteam_pkey PRIMARY KEY (id);


--
-- Name: finance__operation_pkey; Type: CONSTRAINT; Schema: public; Owner: dlu; Tablespace: 
--

ALTER TABLE ONLY finance__operation
    ADD CONSTRAINT finance__operation_pkey PRIMARY KEY (id);


--
-- Name: realworld__athlete_pkey; Type: CONSTRAINT; Schema: public; Owner: dlu; Tablespace: 
--

ALTER TABLE ONLY realworld__athlete
    ADD CONSTRAINT realworld__athlete_pkey PRIMARY KEY (id);


--
-- Name: realworld__league_pkey; Type: CONSTRAINT; Schema: public; Owner: dlu; Tablespace: 
--

ALTER TABLE ONLY realworld__league
    ADD CONSTRAINT realworld__league_pkey PRIMARY KEY (id);


--
-- Name: realworld__match_pkey; Type: CONSTRAINT; Schema: public; Owner: dlu; Tablespace: 
--

ALTER TABLE ONLY realworld__match
    ADD CONSTRAINT realworld__match_pkey PRIMARY KEY (id);


--
-- Name: realworld__performance_athlete_id_match_id_key; Type: CONSTRAINT; Schema: public; Owner: dlu; Tablespace: 
--

ALTER TABLE ONLY realworld__performance
    ADD CONSTRAINT realworld__performance_athlete_id_match_id_key UNIQUE (athlete_id, match_id);


--
-- Name: realworld__performance_pkey; Type: CONSTRAINT; Schema: public; Owner: dlu; Tablespace: 
--

ALTER TABLE ONLY realworld__performance
    ADD CONSTRAINT realworld__performance_pkey PRIMARY KEY (id);


--
-- Name: realworld__round_pkey; Type: CONSTRAINT; Schema: public; Owner: dlu; Tablespace: 
--

ALTER TABLE ONLY realworld__round
    ADD CONSTRAINT realworld__round_pkey PRIMARY KEY (id);


--
-- Name: realworld__team_pkey; Type: CONSTRAINT; Schema: public; Owner: dlu; Tablespace: 
--

ALTER TABLE ONLY realworld__team
    ADD CONSTRAINT realworld__team_pkey PRIMARY KEY (id);


--
-- Name: public; Type: ACL; Schema: -; Owner: kidzik
--

REVOKE ALL ON SCHEMA public FROM PUBLIC;
REVOKE ALL ON SCHEMA public FROM kidzik;
GRANT ALL ON SCHEMA public TO kidzik;
GRANT ALL ON SCHEMA public TO PUBLIC;


--
-- PostgreSQL database dump complete
--

